app_package,rating,votes,date,uid,unix_timestamp,app_category,word_count,review,classification,app_name
com.mseven.barolo,4,5,29-May-21,jc0gaT4Rxp9T9xHu,1622260800.0,Productivity,67,"Still on the trial right now but from what I've experienced, this is a pretty good password manager. Especially syncing with iOS and my Windows computer. Not really a fan of storing sensitive things on the cloud so the alternatives are pretty cool. Give a few more weeks to go thru usage and if all goes well this gets the 5th star worth the one time payment.",0,mSecure - Password Manager
com.tickettothemoon.gradient.photo,4,0,16-Apr-20,D8odHVoH2JSQOzlD,1587009600.0,Photography,35,"The information is not accurate, it uses your current IP location to judge your ethnicity which is bs. And ofc you cannot give an entire DNA report judging on a picture... Still fun app though!",1,Gradient: Face Beauty Editor
com.is.core.app,4,68,18-Feb-21,4edbzCTqFxBQWCFq,1613624400.0,Communication,31,I loved this app. Amazing app. But some disappointing to this app. Pls add notification feature and improve calling feature. Also add more privacy feature. Add local backup feature in smartphone.,0,Comera - Video Calls & Chat
com.joycity.god,1,2,25-Nov-19,AtLzqhcd45p7dVCf,1574658000.0,Board,44,"They deleted my last review because it was scathing. Could be a good game but it's 100% pay to win. Spend roughly $1400 per month or so or you'll lose... a lot. If you don't mind getting destroyed a bunch, then it's not bad.",0,Game of Dice: Board&Card&Anime
com.life360.android.safetymapd,5,0,13-Mar-22,leZU0SlQZBFVAKgr,1647147600.0,Lifestyle,34,"This is just the best app ever, it allows ne to keep track of my children and know they are safe. It also allows me to inform them if they are driving to fast😁",0,Life360: Find Family & Friends
com.symantec.mobilesecurity,5,0,10-Jan-22,S2znsxpiS2yjkLR9,1641790800.0,Tools,37,It just works! I have Norton 360 both on my laptop and on my phone. It's simple enough but still very effective. Haven't found anything wrong with it during the last 6 years I have used it.,0,Norton 360: Mobile Security
com.ucturbo,4,1,27-Aug-21,Sx1B4oseHW2eekzo,1630036800.0,Communication,20,It's a good app.Every functions work great & browser specially and private space is also given that's a big thing.,0,"UC Browser Turbo- Fast Download, Secure, Ad Block"
com.vivint.vivintsky,5,2,20-May-19,TrIFLvm9ywwVQ6JA,1558324800.0,House & Home,39,"Honestly the best purchase I have made of recent memory. Its been almost a week and I still havent went a day without finding a new way to nake my life easier,more secure,or save time. Sincerely, A grateful customer!",0,Vivint
com.hellobrigit.Brigit,2,14,15-May-20,kJ45nUDFTqeNcpK4,1589515200.0,Finance,52,"works for the first month or two but then it lowers your amount you're allowed to borrow even though you haven't and then come over $5,000 a month and then charges you on top of that 10 to $20 a month and service fees do not download this app is a joke",0,Brigit: Borrow & Build Credit
com.fidelity.wi.activity,5,0,23-Feb-20,XHbzn9WxPElTGaT9,1582434000.0,Finance,29,Does what I need it to. View my 401K and HSA balances. Quick and easy login. Fingerprint login available if your device allows it. Easy to move around in.,0,NetBenefits - Fidelity at Work
com.washingtonfederal.mobilebanking,1,0,15-Oct-18,XOJbl3hYL5gyvi8f,1539576000.0,Finance,25,Can not open app even after updating my info online. Online did not give me an option to change the phone number to my cell.,0,WaFd Bank
com.healthifyme.basic,1,52,5-Jan-21,jbXnnEJqt7NRFBKK,1609822800.0,Health & Fitness,40,Its a scam. Too generalised and they do not issue a refund if you aren't happy with the service. All means plans are based on what u select. It only gives you a calorie count which is available on Google.,0,"HealthifyMe - Calorie Counter, Diet Plan, Trainers"
org.mozilla.firefox,1,75,1-Nov-20,qLuDcOT5RRAekCFo,1604203200.0,Communication,89,"Decided to go back to the Firefox app after the most recent update to Chrome made it unusable due to constant crashes. Unfortunately, Firefox has been just as useless. Everything typed into the search bar is an ""insecure connection"" even trying to open their support page. The only info I could find was it's due to Avast or Adguard. Which I do not have. I shouldn't have to jump through hoops to try and figure out why an app isn't working when it should right from the get go.",0,Firefox Fast & Private Browser
org.mozilla.focus,5,7,15-Feb-19,Q8Eh1eemUDQwoLTI,1550206800.0,Communication,36,"works well, good for private browsing. they should update it to allow opening new links in a different tab and also give the option of closing one or more tabs. it's all or none right now",0,Firefox Focus: No Fuss Browser
com.nttsolmare.game.android.obeyme,5,1,22-Mar-22,239A3wbNBtlaLJfF,1647921600.0,Role Playing,50,I still love this game. I was going crazy 🤪 not being able to play it. The problem was fixed and now I am happy once again. I just turned off the data security. I have a Samsung phone. Hope it helps someone else who is having the same problem.,1,Obey Me! Anime Otome Sim Game
com.venmo,5,53,8-Feb-22,3btoG5JJpu6aZFcZ,1644296400.0,Finance,96,"The app works flawlessly and I use it all the time. I'm also in the technology business and have been for 30 years so I'm not sure why somebody who is ""tech savvy"" can't get this running. It couldn't be easier! I added a bank manually it was no problem was sent small deposits to confirm and easy. I don't know why somebody would be shocked that you had to confirm your bank account! Good God of course you would have to do that, if not somebody would easily take over your account. Good job devs!",1,Venmo
com.symantec.mobilesecurity,2,0,12-Mar-22,Gud59viD1QpM7cCt,1647061200.0,Tools,32,"My phone was hacked in a phishing virus Email PDF & I downloaded this for protection, but every scan says device is safe & no viruses when I obviously do have viruses.",1,Norton 360: Mobile Security
com.boranuonline.idates,1,3,15-Mar-21,G25DA3JNZSY5apar,1615780800.0,Dating,42,AVOID THIS SITE.....Total scam. It's all fake profiles. It's just designed to make people buy their overpriced coins. If I could give minus stars I would. Remove the Bots and fake profiles then you'd have a site worth downloading and registering on.,0,"iDates - Chat, Flirt, Singles"
com.blockfolio.blockfolio,1,2,2-Jan-22,anl9msOpn0mmyRdH,1641099600.0,Finance,32,"What a joke, you make me sign up to buy an NFT and then your app/website doesn't work. Now my money is just being held hostage. Screw you guys. Such a joke...",0,FTX Crypto Exchange
com.overlook.android.fing,3,0,16-Nov-17,rnuyrt5QVB6QWxF3,1510808400.0,Tools,21,Always seems to show a 'random' phone device connected to home router. Upon inspection of router no such device is connected?,0,Fing - Network Tools
com.qidian.Int.reader,1,13,"January 11, 2022",JHJD5kFh4jBygz3P,1641877200.0,Books & Reference,67,"Insanely expensive just to read one novel, and most arent finished so you'll end up having to keep paying regularly if you really want to read something. And wont let you just delete your profile, because i dont want my email attached to this i tried deleting, but it said i have to email, tried that and the email it said to contact doesn't exist, very shifty",1,Webnovel
com.shazam.android,1,2,"November 25, 2021",LXDQ4xoXUwhwLDqy,1637816400.0,Music & Audio,42,This is a very good app but someting I don't get it I don't know that how to download and the app sometimes it says saved 1offline Shazam even I have bought a data so it isn't a good app I expected,0,Shazam: Music Discovery
mytown.friendsclub,1,21,"September 10, 2021",zKzn09UeDq3nMW2w,1631246400.0,Educational,33,I don't know why but this game keeps on deleting the characters so please fix this then i give you guys 5 stars but it is the funniest game i ever played before,0,My Town: City Building Games
co.happybits.marcopolo,3,2,"January 21, 2022",xMzarCfywqMt5HBc,1642741200.0,Communication,44,"Love the app, but since my last virus definition update I'm getting malware alerts pointing to the Marco Polo app. Is the app actively accessing my contacts and sending invites or reminders on my behalf or something? Will upgrade review if response warrents it.",1,Marco Polo - Stay In Touch
com.instagram.android,3,2,"January 5, 2022",7vRxgjTiAiQIIEDc,1641358800.0,Social,79,"It was great at first now I have old beta Chrome with mozilla/Firefox sounds like geko kits that were designed as a security for Google that should never gave been used in my accounts. I had illuminati messages, like jehova witness chain mail making porn dating links straight to my email and letting every hacker through my accounts. Now I'm not to happy with this and other apps being accessed by these hacker/developers. I'm blocked but email says otherwise",1,Instagram
uk.co.yakuto.DartsOfFury,5,0,"December 31, 2021",y2ZWp8DNYOLAzMfE,1640926800.0,Sports,21,Awsom fun and competitive ranking needs work me 175 and playing someone level 136 how can they move up that fast,0,Darts of Fury
com.herocraft.game.free.spaceshipbattles,4,0,"December 21, 2020",MEpb149oXXof27VG,1608526800.0,Strategy,43,The game is good but becomes a major grind after a while. It would also be nice to have a way to stop the music from playing but keep the sound of weapons fire and explosions on instead of just removing all sound.,0,Space Arena: Construct & Fight
com.hellotalk,1,10,"December 11, 2019",RlR5BzmlIys1tJd6,1576040400.0,Education,41,"Not a powerful community at all and seems that it's main goal is making all sorts of restrictions to sell you a premium account. Also won't work unless you give it permission to your photos, videos, files and making phone call!",1,HelloTalk - Learn Languages
com.pixio.google.mtd,3,0,"April 5, 2022",tbdavV3JTFNtTI3q,1649131200.0,Strategy,32,I saw an add that said i would get 30 free summons and i haven't gotten them please give me my 30 free summons but other than that the game is good,0,Summoner's Greed: Idle TD Hero
com.viber.voip,2,295,"August 23, 2020",0scrLawW6elA8Re0,1598155200.0,Communication,80,"This app had earlier, one the best DARK MODE feature. But, recent updates have removed that feature. In the DARK mode, no one could take screenshot of the chats, images and videos wont be downloaded to your gallery, disappearing msgs was also an option. Now, Devs just kept the disappearing msg features in normal chats. I hope the devs would bring back that features, because only then, would we recommend it to other based on it's high profile security features.",1,Viber - Safe Chats And Calls
com.jeet.healthydiet,3,0,"April 23, 2021",LAoZIvuVokpr3Qos,1619150400.0,Health & Fitness,26,I like the layout and easy setup but now i cant figure out how to get back to see how many steps from the food diary.,0,"Healthy Diet - Best Diet Plan, Calorie Counter"
com.digibites.calendar,3,0,"June 4, 2017",2U2jKGrRRAidtaZC,1496548800.0,Productivity,22,"Please accept my humble and generous, THANKS. Beautifully designed. Reminding this is one week full free after that designed to send advertising",0,DigiCal Calendar Agenda
co.imba.kawaiimansion,3,1,"September 1, 2021",CQ4BCIXFwGyJ33dR,1630468800.0,Puzzle,22,"Have trouble with frozen chapters. Is there a fix on the way? Love to play this game, but keep having this problem.",0,Kawaii Mansion: Hidden Objects
com.shazam.android,3,2,"May 10, 2020",zKSeKHJa0wfl6aqL,1589083200.0,Music & Audio,29,Very useful but it uses your microphone in the background after you close the app which feels a bit fishy. It gets most songs right but not every song.,1,Shazam: Music Discovery
tunein.player,2,5,"April 22, 2021",6YAWKblvpaOVfsjN,1619064000.0,Music & Audio,42,"Just stops broadcasting and continues to ""buffer"". I won't even think of a paid version when the regular version hangs this much. You don't need my location and access to all my info either. I gave multiple avenues to what's playing locally",1,"TuneIn Radio: News, Sports & AM FM Music Stations"
com.hoteltonight.android.prod,1,0,"October 6, 2019",M6U4lTY6mi52C2bw,1570334400.0,Travel & Local,24,"Dont use this app if you ever have to cancel, because you will still have to pay for a room that your not using.",0,HotelTonight: Book amazing deals at great hotels
com.taggedapp,2,0,"November 27, 2021",4piloiMeFTLuBbRu,1637989200.0,Social,24,"Too many bots and porn email sent to inbox to phish for personal info, haven't had a message from a real person in years",1,"Tagged - Meet, Chat & Dating"
com.bushiroad.en.bangdreamgbp,3,0,"September 2, 2021",3NNR3snbtHFZnPlX,1630555200.0,Music,66,I played this game for years and i still enjoying it.But the only thing i hate about this game is their system.I would like to add some report button or punishment to people who troll the game and didn't even play a single note.This type of players always ruin my mood and make the reward decreasing.Please fix it.I will rate 5 stars after the problem fixed.,0,BanG Dream! Girls Band Party!
com.socialquantum.acityint,4,1,"October 7, 2019",iZ5baUMTKi9xDUIY,1570420800.0,Strategy,29,Its amazing But There is No Day and Night Timr Cycle and Decrease pricing on the Coin things that you buy for buildings and Mega projects of you're City,0,Megapolis: City Building Sim
com.moneybookers.skrillpayments,1,0,"January 9, 2022",Plv9UmO1POauHgbL,1641704400.0,Finance,29,"Scammers, don't use this service is not anymore secure nd trust worthy also all users please post all this to different social media so other ppl can get aware.",1,"Skrill - Fast, secure online payments"
com.familywall,5,0,"September 17, 2019",XWEwpJHZV9VUQ00I,1568692800.0,Lifestyle,24,Super fast and detailed email support for any issues. Since getting the app family life is much more organised. Great app with good functionality.,0,FamilyWall: Happy Organization
com.qapital,1,0,"December 18, 2021",v8EKPBNs3s87PAHE,1639803600.0,Finance,29,You can't do anything without linking you bank. I don't know you Qapital so why would I trust you immediately and give you access to my money lol... nope,1,Qapital: Find Money Happiness
com.plarium.mechlegion,5,0,"January 23, 2022",QxYUkZmNVI3IFB4F,1642914000.0,Action,32,I love your game but I have 1 complaint please make arachnos a character on the prize bar after ares please I want every mech so please do this any ways 10/10,0,Mech Arena: Robot Showdown
io.keybase.ossifrage,1,27,"February 4, 2021",mnqkQH4A0pnSUyjB,1612414800.0,Social,30,"After Zoom bought Keybase, Zoom started violating privacy and breaking the end to end encryption making the app pointless. Beware, your communication is not private or secure on this app.",1,Keybase
com.agilebits.onepassword,1,1,"July 16, 2018",YR6lasDaQFhsGlUK,1531713600.0,Productivity,48,"Used to be OK but having purchasef this originally disappointed being FORCED to subscribe. Hopeless support, I had years of data, multiple back ups but data became corrupt and trying to get answer to simple restore from backup proved impossible. Do not trust your precious data with it",1,1Password - Password Manager
org.cambridgeenglish.examprepapp,5,29,"February 9, 2021",VTnOl028Cpy2YxJX,1612846800.0,Education,38,"One of the best apps which i enjoy passing. It'd been worked out greatly, thanks a lot for the creators. Waiting for the upper levels. After using this app you get full of ideas for your own students.",0,Exam Lift: English Practice
com.google.android.apps.docs,1,1,"March 27, 2022",hxdIkpDxpN8CR6l2,1648353600.0,Productivity,40,Google drive is really bad. You can't protect your account from being spammed by thousands of spam bots. They suggest you to block the user one at a time but not turn off file sharing to your account? It's ridiculous.,1,Google Drive
com.rsupport.mvagent,4,0,"May 29, 2019",gRjkp2TsEp69liHn,1559102400.0,Productivity,33,"I sent one video via text. The audio and the visuals of the sent video were not syncronized, although I saw I could play it normally from my gallery. What's up with that?",0,Mobizen Screen Recorder
com.fxnetworks.fxnow,3,0,"May 10, 2018",FfEptepu31zf2A8n,1525924800.0,Entertainment,20,"Won't log in, just loads forever. Once I got to the login page for my provider before it locked up.",0,FXNOW
com.lyft.android.driver,5,7,"December 10, 2019",IcGftLEJvrKYuVzw,1575954000.0,Business,42,"Much better at money making with Lyft. Interface is great, intuitive, clear and the platform never drops in my state. The operators listen and deliver. Had it not been for Lyft, my household would be in a hole. Thank you very much!",0,Lyft Driver
com.ninering.rocen.an,4,1,"July 8, 2021",X2yuiM3fuBhzRTTy,1625716800.0,Action,54,"So far with a couple days of gameplay it is a pay to play app. If you want to compare to any of the higher leveled players, prepare to open your wallet. If being a below average player is okay for you, the game is fine. Not a well balanced game for F2P option.",0,Rebirth of Chaos: Eternal saga
com.buzzfeed.tasty,1,0,"March 18, 2020",0D786Sf0yyNMU823,1584504000.0,Food & Drink,32,Bad becuase there is no food at the shops becuase of the corona virus so thats bad all there is at the shops is lollies and soft drinks and no other food,0,Tasty
com.delightgames.medievalfantasy,5,12,"March 30, 2022",20SjQwKHxieL4HIS,1648612800.0,Role Playing,90,"I've only completed 3 chapters and im really entertained. I've died several times, and I only play before I go to sleep, it's taken me a long while to get to where I'm at. Im looking forward to seeing what happens next and playing other roles. I recommend this to anyone who enjoys reading a fun story and wants to interact with it. Update: wizards choice was great and after a long break I'm finishing rogues choice. I still enjoy this, it would be cool to have more illustrations though.",0,D&D Style RPG (Choices Game)
com.cardtonic.app,5,0,"October 11, 2020",UzSaXbRCxCTTXimd,1602388800.0,Business,31,The problem is that do they barn the app login cuz after sometimes of logining with an address trying to login again with that same address it would right authentification error,0,Cardtonic: Sell Gift Cards
com.tripledot.woodoku,2,371,"January 9, 2022",OluD3mRwgupeAsD1,1641704400.0,Puzzle,75,"The game itself is a fun addictive puzzle game. However, there is no premium version where you can pay to avoid ads. Worse, several ads feature ""instant install"" apps. When I click to try to close the ad, some game starts instantly installing without my intention or permission. I don't trust those games not to be filled with adware, Spyware, and various nasties. I can't recommend the app because of these terrifying and annoying ads.",1,Woodoku
com.estmob.android.sendanywhere,5,0,"June 4, 2020",0Z1so213svF9tbuf,1591243200.0,Productivity,26,Excellent. The best. Connects quickly with mobile and also laptop. Very smooth. Very secure. Simple technique of password key. Don't require to manualy connect wifi etc.,1,Send Anywhere (File Transfer)
com.qcplay.aresvirus,1,3,"June 18, 2019",cz5oSZ3lmkWpfPia,1560830400.0,Role Playing,45,"Game is a scam. They ask for your phone number and request permission to make phone calls on your behalf, sell your data to third party affiliates. Deny this permission as it isn't needed to play game anyway. Should be removed from the market place.",1,Ares Virus
com.higherone.mobile.android,5,0,"February 6, 2019",aaZmMhT1HMSIXiAv,1549429200.0,Finance,24,i love it! safe way to keep your money secure. pay bills if you need to.easy to use and put money into and out!,1,BankMobile App
com.gameswing.offroad.oiltankertransport.truckdriving.simulator.game,5,0,"June 7, 2020",kbsvgDzViJ5yO3CU,1591502400.0,Strategy,29,Off-road oil tanker game is no doubt ever game for play and attractive design and attractive features game . All the levels are beautiful and attractive. Thanks a lot,0,Truck Simulator - Truck Games
com.home.weather.radar,1,11,"July 6, 2019",OS0cEOKHe4MnugDQ,1562385600.0,Weather,64,not only did this app change everything on my home page but I discovered hours later that it also switched my phone settings to use data when dialing calls rather that wifi calling. a change I never knew how to make so I had to Google how to enable wifi calling. having my phone hijacked by an app with so much promise is frustrating.,1,Weather Home - Live Radar
com.accuweather.android,1,1,"October 12, 2021",JUdnfwFIxbMVphgk,1634011200.0,Weather,31,Why does the persistent notification require constant location access? Most other weather apps allow you to select a default location for when you turn location off - which i frequently do.,1,AccuWeather: Weather Radar
com.whaleapp.blitz.rise.heroes.idle.rpg.battle,1,4,"November 24, 2021",TbOzn1QwoDynmurw,1637730000.0,Role Playing,30,Im a little upset why can enemy lineups have 2 of the same hero but my lineup cant. Seems like the game is trying to set you up too lose.,0,BlitZ: Rise of Heroes
com.shocktech.guaguahappy_classic,1,397,"August 21, 2019",GLkOBb7FZaPxSdGI,1566360000.0,Casino,32,You win nothing...after 3 days playing not a real $£ or €...waste of time..wouldn't mind all the damn adverts if you actually won something..boring and you would be better watching paint dry!,0,Scratch Off Lottery Scratchers
com.symantec.mobilesecurity,5,0,"November 26, 2021",yMUqGx0VBHRZxNiT,1637902800.0,Tools,55,The best security I wish I would never stop using Norton .my phone always seems to run better when I'm with Norton this app security Legit I've tried**other security app but Norton * My honest opinion Norto thank you for you services!!!! You are totally outstanding .You are the best the hech with rest !!!!,1,Norton 360: Mobile Security
com.arcadegame.games.bingo.holiday.free.slots.bash,4,0,"March 17, 2022",RphcnBy6ZgmxmCXb,1647489600.0,Casino,21,I do like the app and the experience but it could go a little slower when playing four cards and up.,0,Bingo Holiday: Bingo Games
ee.mtakso.client,3,4,"February 6, 2022",FTmDblLrhM45mXdc,1644123600.0,Maps & Navigation,38,I like the easy to use way but I don't like that THE map is so small at the top of the page there should be away that I can get more map and hide the drivers profile.help,0,"Bolt: Fast, Affordable Rides"
screenrecorder.recorder.editor,1,0,"January 11, 2022",J4MvVo7gFBcqdNmL,1641877200.0,Video Players & Editors,31,This app is terrible sorry but it is it's super laggy and it keeps popping up ads even after I deleted the app I thinks it's gave me a virus -_-,1,Screen Recorder Video Recorder
com.spotangels.android,1,10,"May 6, 2020",Io5r6b1iNuiGb2CI,1588737600.0,Maps & Navigation,64,"Garbage why do I need to create an account just to find parking. There is no reason I need to give you my email, access to my Gmail or facebook. I'm so tired of b.s. like this Google needs to shut these apps down. Bad enough apps like these constant notifications on your phone but now they wanna spam your email or Facebook too",1,SpotAngels Parking Map
com.ea.BejeweledBlitz_na,2,2,"April 11, 2021",FFItB2Nt85oLQny2,1618113600.0,Puzzle,26,LOVED this game until the recent update. Now I keep getting an error when loading Blitz Champion games so I can't complete the Blitz Quest levels.,0,Bejeweled Blitz
com.amtrak.rider,2,25,"October 2, 2019",WkEWKCAGGaaqcSea,1569988800.0,Travel & Local,83,"went to book my train ticket, when its time to pay, the app has a pop up telling me it couldn't process payment. So I enter my information all over again, same thing happens. I get a suspicious activity text from my bank, confirm its me. try a third time hoping it was my bank blocking and get a similar response. turns out charges are going through, amtrak is refunding instantly and my money is now tied up in pending charges and refunds.",1,Amtrak
com.google.android.apps.nbu.paisa.user,4,0,"March 24, 2022",8ji9N0hofgo16oGO,1648094400.0,Finance,27,sometimes payments get stuck but after a few days it gets cleared no loss of money overall it's a great secure app to use for online payment,1,"Google Pay: Save, Pay, Manage"
com.qustodio.qustodioapp,2,1,"November 14, 2020",mok2MDMTt33kGNYl,1605330000.0,Lifestyle,98,"Hello, this is coming from a child who's parents installed it. I can definitely say that the app has saved me from viruses, inappropriate websites, and people tricking me. So yes I can say it is an ok app. I want to be able to not have a parent looking at anything and everything I do, I cant search up things that I may be curious about, and im not talking about sex lol. So if you want to invade and pretty much tell your child that you dont trust them, then by all means get that app.",1,Kids App Qustodio
net.defensezone3,3,0,"October 12, 2019",3tLXp2gTdkU8MDH9,1570852800.0,Strategy,28,Update jacked up using the Note 10+ stylus. Fix that and the rating would be 5 stars for a tower defense game. Graphics and weapon choices are great.,0,Defense Zone 3 HD
com.thisisglobal.player.lbc,1,10,"February 22, 2022",dTpZDe2QFOS8xDLM,1645506000.0,Music & Audio,34,Ever since the last update the app just closes on its own. Can't pause catchup for long at all before it just shuts down. This app used to be good. Completely unreliable these days.,0,LBC Radio App
com.aofl.adventureacademy,1,18,"December 16, 2020",wGmdOKQ1fNusngT2,1608094800.0,Education,74,They took money from my paypal account without getting my permission. Was able to get my money back without any issues so that was good. But i still dont know how they were able to take money from my account without really saying anything. I really had to go look and find out what website took my money because when i got charged it said age of learning inc not adventure academy. Pretty sneaky.,1,Adventure Academy
com.microsoft.teams,3,1,"September 29, 2021",jSjd6sAPWuKVOTM8,1632888000.0,Business,36,"Tap on a contact on the chat list... No visual response. You may or may not eventually get a result and start a chat. Something needs to be fixed here (using Samsung Galaxy 10, Android 11)",0,Microsoft Teams
com.udemy.android,1,2,"October 22, 2021",z17uIzv1ldnLOpYG,1634875200.0,Education,36,"This app is useless..always saying incorrect password and email while they all correct ... pathetic. And this is the same Google account that it's saying check email or password, I know it's correct what's the solution.",0,Udemy - Online Courses
com.ecomi.veve,1,8,"February 14, 2022",VqKoiOQ8duqgPASe,1644814800.0,Entertainment,36,"Bots are a problem and the VeVe doesn't care, nor will they do anything about it. This app had potential but eventually people will give up on it given the major issues. Nobody likes feeling cheated.",0,VeVe
com.mywickr.wickr2,2,35,"November 21, 2018",mqf5KK5v7YVhfmP8,1542776400.0,Social,85,"Why did you feel it necessary to fk with what was a great app? Wickr NEVER used to try to bully me for my contact list. If you are not going to use it for nefarious reasons, then why must I give you access to it? I know exactly whom I wish to use your app to contact, thank you very much, I don't need some adware extorting my contacts from me in order to use there now suspect app. Signal for me I guess.",1,Wickr Me – Private Messenger
com.nike.ntc,1,0,"May 5, 2019",49w8qFm2PTlSwQoK,1557028800.0,Health & Fitness,25,"Was a pretty beneficial, straight forward app at first. However for the past few months the app video freezes during workout plans and eventually crashes.",0,Nike Training Club: Fitness
ru.skillcap.dominoes,1,7,"September 11, 2019",DpBW6jpbPB8tiO0Z,1568174400.0,Board,30,This game automatically tracks other things i do online. It knows the recent purchases i made because the ads are from ebay showing the exact things i have looked at.,1,Domino - Dominos online game
com.pz.life.android,2,0,"June 21, 2020",BHyEBZIEvkLiS8mw,1592712000.0,Role Playing,24,"App keeps crashing every time I save an information. Horrible app, I was just starting to get into it when it erases my progress.",0,Highrise: Virtual Metaverse
com.mi.globalbrowser,1,0,"July 13, 2020",prtOg3YDq7oXNqva,1594612800.0,Tools,83,"A BLOATWARE aka DATA THIEF!! Redmi it doesn't seems good, we mi users are still thinking about the decision of buying mi gadgets because you make so many privacy issues and you guys are collecting our data without our knowledge in names of providing ads and for development. We don't ask any ads and these kind of bloatwares, if it was good we will install your browser. Don't force us to keep your bloatware in our phone, provide an option to uninstall it.",1,"Mi Browser Pro - Video Download, Free, Fast&Secure"
com.google.ar.lens,1,0,"June 24, 2020",MQlMJdDrNdqBmpaa,1592971200.0,Tools,51,I absolutely hate it and feel violated. Customer should always be able to decide whether to keep an app or not on their phone. They should make a law that grant us the option due to privacy to uninstall an app whenever the customer feels uncomfortable having it on its phone.,1,Google Lens
bitpit.launcher,5,0,"February 21, 2021",7xe3ZxAeuYfndg1x,1613883600.0,Personalization,32,"It's simple, clean, minimalistic and the accessibility it possess is great. I wonder if I could give this app full access to my phone. Or android makes this as a default selection.",1,Niagara Launcher ‧ fresh/clean
com.wb.headsup,3,2,"October 30, 2019",1OejmIUOoEanw4Jy,1572408000.0,Word,25,The game takes a lot of time to start and it also takes time to give the next question...... Otherwise it is a good game,0,Heads Up!
org.telegram.messenger,3,0,"April 2, 2022",CDgahKTfQTt5SqsC,1648872000.0,Communication,43,"This app is good, but i had joined this app last month There is problem related to quize bot results, my name is not showing in quize bot results, it's my request to pls try to solve this problem as soon as possible.....",0,Telegram
com.mapswithme.maps.pro,2,166,"June 2, 2019",P4ZaKz6NKZyWljZI,1559448000.0,Travel & Local,65,"USED to be great !... now it's too complex.. it auto updates unwanted aspects you have no control over ...you can't stop it... and so now I feel that it's invasive on my privacy ...I don't trust it anymore I'm strongly considering uninstalling it. once again , someone took something that worked , made it ""better"" and ruined it ! it's like some unspoken law!!!",1,MAPS.ME: Offline maps GPS Nav
org.mozilla.firefox_beta,5,1,"August 19, 2020",f80MMvpQmk0hqycD,1597809600.0,Communication,52,"I love this browser! I originally wasn't a fan of Firefox, but I decided to give it a go. I don't regret it. The privacy features are what really got me - they were straight forward and effective. You can also use extensions, something I've wished Chrome could do for a while.",1,Firefox for Android Beta
com.gamegos.mobile.cafeland,3,0,"February 21, 2022",fQMkVqcFxvogmROY,1645419600.0,Simulation,26,What is with the new cake and how come I can't get the chocolate one or the new one even though I invite the club people,0,Cafeland - World Kitchen
com.swific.registerbook,5,60,"March 1, 2021",rA7ESd5cODfmgrnJ,1614574800.0,Productivity,59,"Wonderful aap, I am enjoying it very much, can it we use after One month if aap is uninstalled One more problem which I think that the data which we upload on this aap. Is it secure Or it can be excessed by any one, how can I believe that the data I upload on the worksheets is secure....",1,"Lio - Excel, Notebook, Register"
com.grassgames.word.home,5,1,"November 21, 2020",NNXD8vGH7uQi7NN6,1605934800.0,Word,42,It was so cool the game it looks like fun and maybe i like it fun in my iPad i love it looks like fun and maybe i like it fun in my iPad i love it it looks cool the game,0,Word Home-Offline Word Games&Design
com.IceStorm.DragBattle,3,56,"May 2, 2019",R7aKwxdGbFCzAF5g,1556769600.0,Racing,76,"I have upgraded as far as it will allow. I have tried every combination. I need to beat a career level to unlock an engine part. plus no matter how much time I shave off of my time, the opponent keeps staying that much faster. I have won enough races to improve character skills, but cannot pass, I have the fastest cars, cannot get them any faster. why can't you just buy the parts you need",0,Drag Battle
com.steelwoolgames.fnaf.hw,3,3,"October 30, 2020",iRfeSoZscwARMyk8,1604030400.0,Action,40,"For what I've seen, it looks really damn good. So why did I give it 3 stars? Well that's because the game stays on the help wanted logo.. For 5 minutes... Then the game crashes! Please fix this Steel Wool!",0,Five Nights at Freddy's: HW
com.budgestudios.MyLittlePonyHarmonyQuest,1,0,"October 12, 2018",2xbqOFH5VMkFU8da,1539316800.0,Casual,27,I cant even play aftee a few leves!! Such money eaters!! (I mean by the develepor of this game also im 8 and this game is terrible!!),0,My Little Pony: Harmony Quest
com.theathletic,1,16,"May 16, 2020",EepndNi3M6rQ6HDZ,1589601600.0,Sports,51,Forcing people who already paid for a year to agree to every personal data theft practice the athletic uses or you dont get the service you paid for or a refund. These were not the terms I agreed to when I agreed to pay. Overall bad practice from a sketchy company.,1,"The Athletic: Sports News, Stories, Scores & More"
com.ollocard.mobileapp,1,0,"March 18, 2021",A5TL00U0m63P0JuG,1616040000.0,Finance,23,"The app and website doesn't currently work... not sure how to pay a bill at this point, since I chose to go paperless...",0,Ollo Credit Card
com.gameloft.android.ANMP.GloftA3HM,4,0,"May 12, 2020",QG0vSBgt6V38suEy,1589256000.0,Arcade,32,Game is great only thing that ruins the fun are the hackers and can you please make us able to use 4g mobile data for multiplayer that would be great ty :),1,Brothers in Arms™ 3
com.hidemyass.hidemyassprovpn,1,0,"November 3, 2018",raEqYbFeGVDoiVjK,1541217600.0,Tools,30,Its a fraud app. A fraud subscription happen in my bank account by this app with out my permission. Illegally compromise was happen in my bank account by this app.,1,"HMA VPN Proxy & WiFi Security, Online Privacy"
todolist.scheduleplanner.dailyplanner.todo.reminders,5,10,"October 10, 2021",XBMTiZV1WtJvCTsP,1633838400.0,Productivity,33,So when I am bored I know what to do. It is very helpful to me to plan than writing in a book. It can even remind you if you have not done.,0,To-Do List - Schedule Planner & To Do Reminders
com.playmage.rpgGame,5,3,"August 12, 2020",sciMsEhZFuTV7Gjg,1597204800.0,Role Playing,23,Very good game well worth a go a little slow at first but once you get into it its a real fun game,0,Final Chronicle (Fantasy RPG)
com.designkeyboard.keyboard,2,1,"December 13, 2020",zduGTpTL40s75OPF,1607835600.0,Tools,42,"It was a really good app until I notices what they were doing. It may say it's not picking up your personal data but I can tell just by reading it, it is. Trust me guys do not download this app EVER!",1,"Design Keyboard - Fonts, Emoji"
com.thetransitapp.droid,2,0,"December 23, 2019",xTRJg2LmIxIqXW7W,1577077200.0,Maps & Navigation,64,"Painful to use, could be better, wastes a lot of time setting up and forces location service to be on. Usabilty issue trying to do too much while ignoring simplicity . Even njt train schedule has better app showing from and to destinations and all time for in between stops. Also did not find start working hours to change once set to setup alerts.",1,Transit: Bus & Subway Times
ru.iiec.pydroid3.quickinstallrepo,1,17,"January 9, 2020",zSrm2HaFUhaDpjCi,1578546000.0,Libraries & Demo,22,When I tried to install pyqtchart I got the following error: ModuleNotFound Error: No module named 'sipbuild' Can you please fix it?,0,Pydroid repository plugin
co.yellw.yellowapp,1,16,"May 23, 2021",h0fE0Fb6o5q0xDQb,1621742400.0,Social,44,"Never got past signing up. You don't need my phone number. Tired of everyone acting like they're entitled to it too provide a service. It's private information. This app expects way too much private information. Oh well, not like there's a shortage of competition.",1,"Yubo: Chat, Play, Make Friends"
com.emn8.mobilem8.nativeapp.popeyes,3,31,"March 13, 2021",sYvnTsHdH0lJiPds,1615611600.0,Food & Drink,60,"I would not recommend this app to anyone! The app will not let you make changes to your order, modify your food, and asks you, your location every single time! I cannot tell you how many times I have allowed popeyes to know my location! Its very disappointing, and takes up a lot of space on my phone. Considering un-installing....",1,Popeyes® App
com.mapmywalk.android2,2,1,"October 14, 2021",tHzRq1z32AAxvTu2,1634184000.0,Health & Fitness,48,"Installed to map by walks. WAY too much privacy invasion. Couldn't figure out how to turn off Facebook link. Turns out that Google Fit that comes with my Pixel already does map my walk, you just have to long-press the Fit icon on your Android homescreen. App Deleted.",1,Walk with Map My Walk
co.ninecount.wink,2,26,"January 17, 2022",Umnd7sPaWYZD3Ed4,1642395600.0,Social,82,"It's meh. The app is decent altogether but there are some problems that need to be dealt with. Firstly my ability to rewrite my bio stopped working for almost a month and I could only rewrite my name and images. Secondly, there have been accounts on the app that have blocked numerous times and they always end up adding me again or messaging me again which is certainly disturbing because blocked these people because they made me feel unstable and/or un safe.",1,Wink - make new friends
com.dropbox.paper,1,18,"January 10, 2021",qJuBxjOxabf6yoJI,1610254800.0,Productivity,20,was ok until most of my saved notes suddenly disappeared. cant find a way to get them back. wouldnt recommend.,0,Dropbox Paper
leyi.westgame,4,0,"March 25, 2021",32aDW8DudCAPX6TZ,1616644800.0,Strategy,46,West game is a very good game to play it is a strategy game it keeps your mind alert and watch out for enemies and you can get resources and you can build two tows and then you have two types of troops and and weapons,0,West Game
com.activehours,1,0,"December 19, 2021",KIMrcej5RM5MDkGi,1639890000.0,Finance,44,I thought trying this app would be a good thing but they don't even let you try it they just take all of your information and keep it and tell you they can't verify what ever I don't even know what else they need!,1,Earnin: Get Cash Before Payday
com.cupidmedia.wrapper.muslima,1,90,"October 4, 2020",lYu7FZEfYcTlDkfl,1601784000.0,Dating,90,"THIEVES. B.S app please dont trust this app. You can use it but dont subscribe. When you pay for a month membership, they renew it when the month is over. They don't even notify you or warn you that they ll take money from your account to renew it. I didn't consent to taking my money or using my credit card for membership renewal, I unsubscribed on the deadline, yet they didn't return my money despite filing a complaint. DO NOT TRUST, better yet dont download:too expensive for mediocre services.",1,Muslima: Arab & Muslim Dating
com.pomelogames.bulletboy.google,1,1,"March 3, 2021",0Ey5zUtzKnvB7gdb,1614747600.0,Arcade,34,"At first it's good but the days go by and it's the same of the same thing, and that's how it gets boring, it also steals your data and fills you up. Virus mobile",1,Bullet Boy
com.ancestry.ancestrydna,2,0,"September 23, 2019",PyNN1NGwHqqtJZ4d,1569211200.0,Lifestyle,23,Im sorry.. I tried to download this app because I just submitted my specimen. Went out to do an errand.. Still not downloading?,0,AncestryDNA - Genetic Testing
com.asobimo.pokebel,4,0,"February 23, 2020",ziBZ72VjIKduWMvL,1582434000.0,Role Playing,34,Same as the old game avabel but i hope this game dont disappoint me at all like the old game that have so many bugs that tose guys who manage never check it all,0,AVABEL LUPINUS
com.vmons.mediaplayer.music,5,13,"September 27, 2021",CWeE9CVW5dhw8DC2,1632715200.0,Music & Audio,55,Now guys...this is more than perfect.. Actually I am enjoying alot by using this amazing app ... The thing made me rate 5 and love that app is : I can change the place of the song in the Playlist...it's the point so I love the app I hope all Peale love it too 🧡🧡🧡,0,Music Player
com.easygames.race,3,202,"November 17, 2021",rEJorcXfhjqFYcmg,1637125200.0,Racing,37,Fun game but there should be a speed or boost button. Its hard to win when everyone is going the exact same speed 🙄 in a real race there are different speeds produced by each car ngl,0,Race Master 3D - Car Racing
com.keeptruckin.android,5,11,"August 16, 2019",lXfOJBhIlkwcfKwP,1565928000.0,Maps & Navigation,51,Been involved with KT since 2012 with the beta team and launch team in 2013. App is always being updated and is great to use. i am now teaching more and more people how to use and the response is great. KT staff are always there to help out as well.,0,KeepTruckin Driver — ELD
com.vzw.hss.myverizon,3,1,"February 19, 2019",Jb3HsnratnHExXN2,1550552400.0,Tools,40,app works well enough but I'm annoyed by the fact that the health check was turning off my location services. i wouldn't have known that was what was causing that issue if i hadn't done a Google search. VERY annoying!,1,My Verizon
com.zepni.catcondo2,5,1,"April 24, 2021",90bqEYRUqpIYeUeF,1619236800.0,Casual,34,"SUPER CUTE, and SATISFYING. So you basically merge little kittens into different breeded cats, and you go on FOREVER. Also, you level up every time you unlock a new breed. I LOVE it :3",0,Cat Condo 2
com.thumbtack.consumer,3,0,"March 6, 2021",QHl32v2XqZ2HJAmf,1615006800.0,House & Home,66,I was able to find the Pro I was looking for but they over abuse your email and I got an alert from my phone that the app was draining my battery even though I wasn't using the app. To preserve my battery I have to delete the app.(not a very efficient way to have an app designed) think twice before giving them your email address.,1,"Thumbtack: Hire Pros - Cleaners, Handymen, Movers"
com.ideashower.readitlater.pro,2,4,"December 13, 2019",eOrWIX4w7aET0t0u,1576213200.0,News & Magazines,27,"Love the app but it's terribly invasive and I'll be switching to an open source version that doesn't hover & use my personal information. Otherwise, 4.5 stars",1,Pocket: Save. Read. Grow.
com.sudy.cougar,1,9,"February 3, 2020",PYLpZFw9cx8uPzc6,1580706000.0,Dating,34,WARNING DO NOT DOWNLOAD. My account was hacked. Personal information was stolen. Customer support refuses to help. I now have to pay international lawyer to force sudy to delete account and secure stolen information.,1,Cougar - Mature Women Dating
com.jds.batim,1,3,"March 5, 2019",Gp6rgPihyLE4Cpjz,1551762000.0,Adventure,38,"well the game looks like fun but my Asus ROG phone is apparently unable to play it. it gets to the loafing screen an crashes. hope you fix it soon, if not, ill just have to refund it",0,Bendy and the Ink Machine
com.disney.thoughtbubbles_goo,1,2,"August 7, 2020",6b5wPytO2SEbkovG,1596772800.0,Puzzle,42,"When I open the app and try to play, a disney screen comes up and then it asks me to allow having photos and files to play the game and I tap allow and then just the screen dissapears and turns black!",1,Inside Out Thought Bubbles
com.naturalmotion.customstreetracer2,1,3,"March 12, 2022",5KTohl9HOXrOc6pk,1647061200.0,Racing,69,"Been playing for over 6 years, but thru a bug in the game it loaded someone elses profile and not mine, you aren't allowed to share profile information, the game detected this , thought I had broken the rules and has now banned me, and labelled me a cheater. Dealing with support is a nightmare! Before anyone gives this company ANY of your hard earnt money, please think twice.",1,CSR Racing 2 - Car Racing Game
com.tdr3.hs.android,1,3,"November 2, 2020",5dMZmbDRezIIlC4t,1604293200.0,Productivity,33,Kept trying to login to my hot schedules app and it keeps saying download latest version. So I uninstalled it then reinstalled it and nothing happened still wont allow me to access it,0,HotSchedules
com.mad.gunz,1,3,"April 7, 2021",8DD3CK88yQk6aO2e,1617768000.0,Action,30,Do not install this it has a virus it wll make my phone stop working so im my other phone because i have 3 phones Warning:DO NOT INSTALL THIS APP,1,Mad GunZ shooting games online
com.hp.printercontrol,2,1,"October 24, 2021",UH1kfWcdE1Ej6sbh,1635048000.0,Productivity,20,"This app exists just to let HP collect your data, and it is not even efficient or easy to use.",1,HP Smart
com.vivaldi.browser,4,0,"April 23, 2020",iUFs3JLRPftcFvik,1587614400.0,Communication,47,"A few niggles, not bad for a first stable version. My main problem was, I couldn't set the sync encryption password. Cured it by uninstall and re-install. NB if you want to block ads and tracking you have to change the settings, they are enabled by default.",1,Vivaldi: Private Browser
com.teamviewer.quicksupport.market,1,0,"December 20, 2021",2Zc79BBg8eCe1hCz,1639976400.0,Productivity,44,This app transferred funds out of my account and now they say the can not locate where the funds were deposited. And Cashapp states I should verify whom I'm doing transactions with. I'm out $220. DO NOT USE THIS APP. THIS IS A SCAM,1,TeamViewer QuickSupport
com.zloong.eu.nc,4,3,"November 4, 2017",j7c4ijFkAx5lqMWJ,1509768000.0,Action,40,"Its a good game especially on a phone, graphics and controls are nice the only thing that puzzles me is why would you feel the need to ask permission to make and manage phonecalls, texts etc... Access contacts. Hmm no",1,Naval Creed:Warships
com.tplink.tether,3,1,"January 18, 2020",KEK2oo82Zoufekh5,1579323600.0,Tools,44,"I wish the app itself had a secure way to enter it such as a password, numerical key, or fingerprint authentication. As it is right now, once you open it on your network all of your network passwords are available. I don't like that!",1,TP-Link Tether
com.pieyel.scrabble,3,81,"March 11, 2022",O3QWRxccNu59GSIT,1646974800.0,Word,93,"I really enjoy playing the scrabble game. However, I notice that there are flashes like there's been a screenshot. And when checking my phone, it appears it's saving ads and storing other things. What the heck is that? My phone storage was being used up with all the hidden things saved from this app. Also, When my chat is turned on I am continually being hit on. ""Where are you from can I get your email or your phone number?"" Is this a hook up app? I hope you can fix this issue.",1,Scrabble® GO-Classic Word Game
com.gamecircus.tycoon,1,2,"November 30, 2019",dBjeDjuLp8dOLMST,1575090000.0,Simulation,26,Game wouldent let me watch the ads to multiply my profits even after i spend jewls to upgrade them. Im uninstulling it. Not worth my time,0,Taps to Riches
mobile.fourkites.com.carrierLink,1,11,"August 18, 2018",8KK4aUDNoLpN2NHM,1534564800.0,Maps & Navigation,73,"Invasion of privacy. I'VE GIVEN YOU NO RIGHT TO THE INFORMATION ON MY PHONE. Fix this or I'll see you in court, and from the reviews, I'm sure it'll be one Hell of a class action suit. I'm calling a lawyer just as soon as I get my load delivered. You have the right to my location, not the right to my photos, camera, etc. Expect to be hearing from my lawyer shortly.",1,FourKites CarrierLink-The Ultimate Trucker Toolkit
org.iggymedia.periodtracker,2,2,"September 30, 2020",RvntV8dmU1wOvzSz,1601438400.0,Health & Fitness,68,"Used to really enjoy this app, but now all the extra bells and whistles, the incessant notifications, and other useless features are really getting on my nerves. Somehow the notifications keep coming back despite me removing the apps permissions for sending me notifications. I just wanna track my PD I don't need to know other people sexual habits during such. Will most likely be moving to another app",1,Flo Ovulation & Period Tracker
org.mozilla.focus,3,1,"July 2, 2020",7vG2LElev74Hoe0a,1593662400.0,Communication,22,"Great application, design, very fast and good for privacy. It was working fine but recently, a black screen appears when switching apps.",1,Firefox Focus: No Fuss Browser
com.belkatechnologies.clockmaker,4,61,"April 11, 2021",YU2uFPPFL9J3EAOP,1618113600.0,Puzzle,96,"I like it but it's a bit to expensive if you want to make good progress and have fun. Other than that it's well put together gaming wise. Lots of things to do but progress is slow and you run out of rubies rather easy, too quickly. I am now completely stuck on what seems an impossible game to win no matter how well you strategically move. I'm embarrassed to say how much I've spent trying to overcome a single level...it would seem if you've made it to 1st place there should be bigger ruby rewards",0,Clockmaker: Match 3 Games!
com.godzilab.idlerpg,1,50,"November 3, 2021",EoZTddzAfGcWPrhM,1635912000.0,Role Playing,69,New Devs are so money hungry its insane i thought this game was slowly becoming pay to win but now it is just 100% pay to win. With new devs now i see multiple new 24 dollar skin packs and tons more pay to win options. Its just sad honestly. Im probably going to get my entire clan to quit this game with me and go some place else.,0,Crush Them All - PVP Idle RPG
com.sandboxol.indiegame.bedwar,1,3,"October 1, 2020",8syadnL8u1gl02l8,1601524800.0,Action,35,This game is really fun but I keep accidently clicking on the home button of my phone and when I go back in theres an adld and when the ad is done Im already dead,0,Bed Wars
com.stgl.global,5,15,"October 3, 2018",eserB5Ko9QZ8cbJ2,1538539200.0,Strategy,27,After a hard day at work. You owe it to yourself to lol off some bad guy's heads. This game is more addictive then drugs only safer.,0,War and Magic: Kingdom Reborn
com.igg.android.wegamers,4,2,"June 29, 2020",6rxB8oEMzg0ENNq8,1593403200.0,Social,24,It glitches sometimes but it's not too bad. It would be better if random people couldn't follow you with no way of blocking them.,1,WeGamers - Where Gamers Gather
com.sand.airdroid,3,0,"September 17, 2019",Pup0WhueAl4nmVen,1568692800.0,Tools,25,"I only use airdroid to transfer files locally to pc, phonecall permission is unnecessary and should be optional, provoke when needed, not required before using.",1,AirDroid: File & Remote Access
com.duckduckgo.mobile.android,4,2,"December 4, 2021",RDrz0YxeK0KbbxkT,1638594000.0,Tools,41,"Great really works the best, one tiny thing no voice input, though I must admit maybe I'm just not doing it right. If you want privacy and freedom from pop-up ads this is the browser to get, so go for it!",1,DuckDuckGo Privacy Browser
com.fictionpress.fanfiction,1,0,"March 21, 2022",lV6T7rj41hRRNWBc,1647835200.0,Books & Reference,27,"Deprecated the previous iteration of the reader app, released this one that requires an account so more activity can be tracked and data can be sold. Classy.",1,FanFiction.Net
com.ttxapps.drivesync,4,3,"April 19, 2019",fJIoNKRCoqQin2cU,1555646400.0,Productivity,63,"Great app to sync all important phone data. I would like the option to encrypt the data before syncing though. From a Linux PC I can sync files with rclone and the crypt module to keep everything safe. I would also like the same option with this app, but it doesn't necessarily have to be rclone, unless that is what is already used.",1,Autosync for Google Drive
com.mgae.comlolsurprise.ballpop,1,1,"March 13, 2020",7rSZD75ExJbvzKnu,1584072000.0,Casual,23,I was happy and then it asked for me alowly it to ask to have pictures and now im sad dont donload :(,1,L.O.L. Surprise Ball Pop
com.sec.android.app.sbrowser,5,0,"March 5, 2019",fPWNhzhC4jLroNeU,1551762000.0,Communication,71,"The ability to have a password protected place to save private bookmarks, save and reopen private tabs, all with built-in ad blocking... Just exceptional work. Only found one other browser with similar features and it is locked with a pay wall (for the version I have compatiblity with on my cheap/old tablet that can't use this browser at all). Thank you for improving on Google's base for the betterment of Android!",1,Samsung Internet Browser
com.byv.TheArchers2,5,1,"July 9, 2020",oacf8wFb4wdEmAr6,1594267200.0,Arcade,44,"Super!!! You are right! Nothing can stop me. I just finished Level 200 :) All it takes is the right tactics (correct weapons, helmet, armor & special attacks). I cant wait for the last world to be unlocked so I can start level 201",0,The Archers 2: Stickman Game
com.appatomic.vpnhub,1,4,"April 29, 2020",CMXVsXKWUc5P2fti,1588132800.0,Tools,39,Scam This app collects your info to push intrusive scam type ad's and does NOT even work well in fact you can easily get an ad free VPN app with video player/downloader free of charge that works much better,1,VPNhub: Unlimited & Secure
com.ubnt.usurvey,1,9,"October 6, 2021",DlVg3bksx3QJKvMw,1633492800.0,Tools,25,Showing wrong speed not even slightly There is big difference between actual speed and shown speed Upload speed matching But download speed is totally wrong,0,WiFiman
com.dreamotion.ronin,2,0,"November 29, 2021",BM7RbRDBVspp1t5i,1638162000.0,Action,26,Why this game need to access my Gmail account information and be able do delete my activity and change my information I don't really get it,1,Ronin: The Last Samurai
com.sumoing.recolor,4,0,"April 9, 2021",UKhBJiC61lkCiBz1,1617940800.0,Entertainment,53,I like the game but there is one thing that I don't like why do have to pay for the other one's but it's ok but I love the game the you made i love this game I Iike this game I'm 8 years old I love your game wow love it .,0,Recolor - Adult Coloring Book
com.eyougame.forlands.en,1,0,"November 26, 2020",CfmcrnoM6P5hYMZc,1606366800.0,Role Playing,33,They cant play the game and you guys always saying the same thing. What kind of customer service is that. Cant you just update the game and fix the bugs and lag issue?,0,Forlands
com.greendot.walmart.prepaid,1,0,"February 11, 2019",0XBBAdUb4ZYavuiS,1549861200.0,Finance,43,"Displays personal data (address, phone, etc) from when I got card, not current and CORRECT info from W*M site, but won't let me change/fix it. This is seriously borked: website and app _together_ provide info & services that *neither* does right and completely.",1,Walmart MoneyCard
com.google.android.apps.messaging,4,2,"February 22, 2022",qLGzq1zN1PKQnxYE,1645506000.0,Communication,38,Just upgraded to the Samsung Ultra 22 and my bubbles are now dark green. However the same app settings in my Note 10+ my outgoing message was Blue. Can't seem to figure out how to change it back.,0,Messages
com.splendapps.splendo,2,8,"January 29, 2018",JolFbmJSgkBu9fKp,1517202000.0,Productivity,51,"This used to be my favorite app, until the ads started getting out of control. It also opens on it's own, crashes and won't allow me to turn my phone off, to restart. Because it freezes my whole phone. I think I'll switch. Which sucks, cause the lists are very helpful!",0,To Do List
com.merriamwebster.premium,1,5,"January 26, 2019",xVCzxnQhNITRHnri,1548478800.0,Books & Reference,21,please revert this latest design or ui whatever you want to call. I'm pissed off with your new update. thank you.,0,Dictionary - M-W Premium
com.ithersta.stardewvalleyplanner,4,0,"January 20, 2020",etnaladxHJL5HrqK,1579496400.0,Books & Reference,21,Could definitely use more info like who likes what items but other than that it's really helpful and easy to use.,0,Assistant for Stardew Valley
com.weedmaps.app.android,2,11,"May 28, 2019",YSt9yptZLnOT8ghg,1559016000.0,Medical,66,"This app is a REAL disappointment. It is poorly designed and clunky to use -- and the search came back with no place listed for Wilmington, CA -- OH REALLY? Also, collects too much personal info and the privacy policy is NOT consumer friendly. Only registered to write a review -- and they make that difficult! (Hint, don't hold your breath waiting for that ""confirmation email"")",1,"Weedmaps: Marijuana, Cannabis, CBD & Weed Delivery"
com.sygic.aura,5,0,"May 4, 2021",EVys3oG14JRYf2Gz,1620100800.0,Maps & Navigation,31,if only 6 stars could be given. Deep respect for development team behind latest update. Hoping that stability is on par with performance and easy to use completely redesigned search function.,0,Sygic GPS Navigation & Maps
com.d3p.olympic,1,2,"May 16, 2019",INaVOBpOad4O8kqw,1557979200.0,Role Playing,62,If I could give this a zero I would for having WAY overstepped on the permissions they wanted for my continued participation. EXTEREMLY DISAPPOINTED in this change. They've lost me forever as a customer and player. In fact I'm liquidating my 27k card collection as well. I enjoyed this app and played it for a long time. Self sabotaged yourselves WOTC <8(,1,Magic: Puzzle Quest
com.tapastic,4,0,"April 29, 2019",FABRbdgHuCABs6VI,1556510400.0,Comics,24,"all-in-all a good app only wish that the ""ink currency"" per episode was cheaper or if we could watch ads to view am episode.",0,Tapas – Comics and Novels
com.trpz.travel,3,0,"February 25, 2022",DmkBgOZQKuFtzKeP,1645765200.0,Casino,29,I just got this app so the best I can rate it for now is a 3. I will update the review after I get some experience with it.,0,Match To Win: Win Real Cash
com.intsig.lic.camscanner,1,2,"September 21, 2019",ewWTcbSIL4rHONur,1569038400.0,Productivity,41,We supported by buying premium and you introduced Monthly subscription! We bought the premium version and later you introduced Monthly Subscription! What's the point of buying the premium then? I want my refund. I can't trust your team with my data.,1,CamScanner (License)
com.nttsolmare.game.android.obeyme,5,1,"April 1, 2022",Zk9GDhsYONR9MXKe,1648785600.0,Role Playing,20,I've been playing this since last year! I got bored easily but this doesn't! I love the characters so much.,0,Obey Me! Anime Otome Sim Game
com.google.android.apps.photos,1,262,"February 2, 2022",GOJfgTVF8TlNb6Yp,1643778000.0,Photography,35,Lots of bugs. People option is missing. Memories section is missing. Lots of backed up old pictures are missing. Says that the entire pictures have to be backed up again. So frustrating. Worst experience ever.,0,Google Photos
com.reflectlyApp,5,0,"September 13, 2021",31NfvEDmMFEyKle5,1631505600.0,Health & Fitness,28,This became my friend after I used to chat with myself to release the stresse I had while no friend cared to ask. Thank u my friend ♥️,0,"Reflectly: Diary, Gratitude Journal & Mood Tracker"
net.playq.charmking,4,0,"February 25, 2020",uSbARjMAJgHogt01,1582606800.0,Puzzle,29,"I really enjoy the variety of activities charm king offers. I get impatient waiting for the next game load, to me it's really slow. Charm King keeps my interest",0,Charm King
meteor.test.and.grade.internet.connection.speed,3,9,"January 30, 2021",KPof3sYsBd9COnJr,1611982800.0,Tools,23,"No ads or in ap purchases, but immediately wants to get access to make and manage phone calls - obviously denied. 3 stars.",1,"Meteor: Speed Test for 3G, 4G, 5G Internet & WiFi"
com.duckduckgo.mobile.android,3,0,"January 14, 2022",H1wS9MRsMy1ZCcu9,1642136400.0,Tools,39,"It's ok. But least tie in the import/export compatibility with the primary data thieves i mean browsers most of us at some point bring our history, bookmarks, etc from. Privacy seems better than most of the competition so *shrugs*",1,DuckDuckGo Privacy Browser
com.pearlabyss.blackdesertm.gl,2,0,"March 2, 2022",d9UTwA1MU6aRJSTH,1646197200.0,Role Playing,55,"Eh, started out pretty fun. Plenty of stuff to do, probably too much that doesn't make sense. Once you reach the desert around level 60, the game is garbage. Go from being overpowered to squishy in the matter of a stage. Loses its whole appeal. Played constantly for a few days, reaches the desert, uninstalled.",0,Black Desert Mobile
com.offerup,2,20,"May 22, 2021",sSJEuTlvpeKgpN5W,1621656000.0,Shopping,89,"Great app, however I removed 3 stars due to the lack of options on filtering users who can contact you about buying an item. Currently this app is plagued with scammers, they will say they want to buy the item, then proceed to ask for your cellphone number and do a few social engineering tricks to essentially hijack your phone number for nefarious deeds, that is if you follow through with their requests. There needs to be an option to disallow new users with no reputation from contacting you.",1,OfferUp: Buy. Sell. Letgo.
com.wb.headsup,5,0,"April 2, 2021",YU2uFPPFL9J3EAOP,1617336000.0,Word,30,It is very nice game I recommend you to play this game it is really very nice game me and my family have a lot of fun playing this game.,0,Heads Up!
com.wayfair.wayfair,5,0,"March 17, 2022",4CiDGDDAHEmlKGrd,1647489600.0,Shopping,24,I love Wayfair! Purchased a bed and dresser that I'm very happy with. Now purchasing a rug that is perfect for my living room.,0,Wayfair - Shop All Things Home
org.readera,5,0,"March 15, 2022",ktg1yTjAxxTpZzfT,1647316800.0,Books & Reference,23,Quick to load and easy to use for reading a book. It can search for words in the text as l hoped for.,0,"ReadEra - book reader pdf, epub, word"
com.bose.bosemusic,1,0,"February 7, 2022",v7IQ2F2ib4ef7nrB,1644210000.0,Music & Audio,76,"It's absolutely ridiculous that such expensive headphones (700s) come with no instructions whatsoever, and tries to force you to download this app (luckily you can just find instructions online). Have a look at how much this app tracks you, it's beyond belief. The audacity of charging a premium price for relatively mediocre headphones only to make even more money invading our privacy and selling our personal information. I will never ever buy a bose product again.",1,Bose Music
com.discoverfinancial.mobile,2,0,"September 16, 2020",D5YfZpnFGAl90xaf,1600228800.0,Finance,48,"This app is terrible, especially for a credit card app. It takes forever to load & sometimes it just doesn't. It doesn't make me feel like my info is very safe. I keep all my apps updated & I have a Galaxy Note 9 so what's the problem?",1,Discover Mobile
com.olo.applebees,1,9,"July 10, 2021",22nVgfrUwMVQASk3,1625889600.0,Food & Drink,30,Terrible app it makes you waste a lot of time logging in and updating the app. I only wanted to order some food and not spend 30 minutes doing it,0,Applebee's
com.venmo,4,3,"January 1, 2022",NXINGYVaId4RIYRr,1641013200.0,Finance,85,"Right after installing, the app shows how impersonal it is, then it wants me to sign up with my Facebook account or email so it can hook me up with all my contacts who use it with no option for absolute privacy. I don't think so.K.B. Change of heart 💜. After using Venmo for a few months and learning how to use some of its features, & finding out how secure the program is. I believe it gets a much better rating. 4 🌟🌟🌟🌟 K.B.",1,Venmo
net.supertreat.solitaire,2,8,"May 8, 2019",BLqXbz5JwVRkvXDp,1557288000.0,Card,56,"You have to either wait an hour to ""harvest"" in order to continue playing or you have to pay to continue or enter personal info like your cell number for text msgs, or email or sign up through social media etc to get enough credits. A good game but frustrating once you get to that level.",1,Solitaire Grand Harvest
org.talkingpts.talkingpoints,1,2,"November 2, 2021",uQs5Iuk7dMvN0O5l,1635825600.0,Education,45,"It won't let me log in on my phone/app with my school G account, which is the email I use for it. When I tried to just use my browser to log in it directs me to the app, that won't let me sign in.",0,TEACHERS | TalkingPoints
com.verizon.myfios,4,1,"May 31, 2021",9SdZH1V2C3EZTTk7,1622433600.0,Entertainment,21,"great app, not so user friendly, took a minute to figure of how to add the gift card form of payment.",0,Verizon My Fios
com.opera.browser,1,0,"March 12, 2022",1gL1f4CC9uSd0o73,1647061200.0,Communication,39,"Too close with duck duck censor and Google, possibly related won't let you use independent search engines as default Uninstall. use vivaldi or dolphin plus opera won't let you see your own saved passwords holding them hostage. Stay away",1,Opera Browser: Fast & Private
com.vkontakte.android,1,19,"November 27, 2021",yiybpZG4nHke9pDf,1637989200.0,Social,27,"""I CAN'T LOGIN INTO MY FREE FIRE ACCOUNT THAT BEEN BINDING TO YOUR APP ANYMORE ! PLEASE FIX THIS SO I CAN PLAY FREE FIRE AGAIN !""",0,"VK: music, video, messenger"
com.usaa.mobile.android.usaa,3,2,"May 5, 2021",W5gu3FHX9nHEdd4Q,1620187200.0,Finance,33,"Easy peasy and secure interface. Exactly what we need. ***Now your too-offten updates often take 30-45 minutes to load. Please quit updating our phones.so often. And here we go again, another lengthy update.......",1,USAA Mobile
com.lgeha.nuts,2,0,"December 9, 2020",qyjebXAvu7oLQSao,1607490000.0,Lifestyle,96,"I am not giving this dishwasher app the control over my phone and privacy it demands in order to use it. -Your response is poor. I still would not use such an privacy invading app. You need to rethink and redesign your software to be helpful within proper boundaries. If I needed a plumber I would allow access to my plumbing only and not my telephone, family photos and the GPS code for my car. The only reason I give 2 stars is to update my review and response. I would now give only 1/2 star.",1,LG ThinQ
com.pixeltoys.freeblade,4,66,"July 21, 2020",ZQh1kumb8DK9WjP8,1595304000.0,Action,98,"I really love the game and how you can customize your knight and add different weapons/armor to it, but the reason I'm giving four stars I because I'm logged in to my face book account for multiplayer witch I think you shouldn't have to be just to play against other people, and the other reason is that because Im logged in to my face book account my real name shows up on the leader board. Can you can make it so that I can change my actual username, and/or make it so that you don't have to login?",1,"Warhammer 40,000: Freeblade"
com.aniplex.fategrandorder.en,1,0,"July 18, 2019",DLrrue5Rhe1Oha8A,1563422400.0,Role Playing,39,intro fight was boring with very little actual instructions to how the game functions and the introductory cutscenes thereafter took entirely too long without explaining much and I got bored and uninstalled the game before getting to actual gameplay,0,Fate/Grand Order (English)
com.bingo.scape.android.free,5,1,"January 16, 2019",R3EfkXyJe6SDVGFS,1547614800.0,Casino,45,This bingo game is fun and I absolutely love the extra presentsReally fun bingo variety games. Love this game. . Different games every months. Great effects. This is still my favourite bingo game. I h Lots of fun always a new challenge and new characters,0,Bingo Journey - Lucky Casino
com.gamevilusa.mlbpilive.android.google.global.normal,1,2,"April 7, 2019",JNmwVpLjO9QtdUCD,1554609600.0,Sports,31,"took forever to log in, then didn't matter what name I picked, it KEPT saying,""name taken""... I was making up team names & syill said ""name taken"" VERY FRUSTRATING.. NO STARS",0,MLB Perfect Inning 2021
com.mkarpenko.worldbox,3,0,"February 12, 2022",mBJPR8xNlA5fVeiB,1644642000.0,Simulation,22,The game is awesome but I have 19 bucks in my google play but in game it only says I have31 cents,0,WorldBox - Sandbox God Simulator
jp.co.translimit.castle,3,1,"March 22, 2020",J29tKk0rdOMd7iM7,1584849600.0,Simulation,32,"The Game always crashes when I'm in the middle of a battle, but all in all the game is pretty good. The only issue about it crashing so could you fix that.",0,Craft Warriors
com.vzw.hss.myverizon,1,67,"December 30, 2021",mJpzauSYMWyl06pA,1640840400.0,Tools,54,"Constantly ""updating"" their system to force the user in to sharing all you information. Opting out of sharing is only a stopgap because the next update automatically enables sharing. Their service is horrible. Their network is terrible. Their cost is the highest. Verizon is absolutely horrendous and the worst mistake I've made with mobile",1,My Verizon
com.fungames.blockcraft,1,0,"October 6, 2021",hj3WKfwmkNjZxkR4,1633492800.0,Arcade,21,I hate it! Its Copy as Minecraft. This game have no zombie but Minecraft have zombie. DO NOT INSTALL THIS GAME!,0,Block Craft 3D：Building Game
com.ea.game.pegglex_row,1,0,"August 15, 2019",YvStKZuexT3vxsi0,1565841600.0,Casual,91,"Added my FB account to get complete a challenge, that system is straight out of 2009. Whatever, it's a free game. My FB account is an email I reserve exclusively for facebook, and a password I use nowhere else. I wake up this morning to a security notification that someone had tried to breach my main gmail account using credentials tied to my fb email. Hard to believe this would be a coincidence, I give my fb credentials to precisely no one, and have not connected any apps in many months.",1,Peggle Blast
app.bubu,1,0,"March 31, 2022",DQygGuPbWtMAilnT,1648699200.0,Dating,28,This app is highly suspect There is no option to log out or delete ur account after sign up trapping all your info and meta data upon removal.,1,"BUBU Dating: Meet, Match, Date"
com.kwalee.objecthide,4,0,"January 14, 2022",ik8pNztABb6r8TN0,1642136400.0,Casual,20,Nice but the problem is ad will come right and after 1 minute again and i am sick of these,0,Object Hunt
com.braindom2riddle,5,17,"October 29, 2020",s1yVB7DGuFzNU9wG,1603944000.0,Word,44,It's a very good thing to pass time. Also very mysterious! I like educational games at the end the man gives jokes nor something to understand . I like this game . I recommend to install this who likes to work their brains 😉!,0,Braindom 2: Brain Teaser Games
com.dubox.drive,1,0,"January 17, 2021",mOFk3wY3T3GjF2eS,1610859600.0,Tools,22,I have uploaded files and then i delete the app When i reinstall the app All backup were deleted Very baad app,0,Terabox: Cloud Storage Space
com.google.android.apps.photos,3,12,"March 9, 2022",LLiSANd6ckAIoq68,1646802000.0,Photography,20,App keeps asking for permissions every time I want to edit or move photos. I use a Galaxy Note 20.,1,Google Photos
com.expressvpn.vpn,5,82,"January 19, 2020",fiOokiVfuevLQW2p,1579410000.0,Tools,64,"Love the features. Great, easy to use. I have it on my android mobile device, Windows PC desktop, Windows PC laptop, Amazon Fitestick, and Chromebook. It will autoconnect and a killswitch is available. Money well spent as it is offered at a great price. If privacy is important to you, this is one of the vital pieces in taking control of our online footprint.",1,ExpressVPN: Fast & Private VPN
com.adidas.app,1,0,"January 5, 2022",yIKzOeZzPHFAiTn5,1641358800.0,Shopping,35,"It shouldn't take a rocket scientist to buy a pair of shoes, it's just to much, why do you need my drivers license number to buy a pair of yeezys No stars, sorry and whack",1,adidas
com.amadeus.cmt.client.android,3,3,"April 7, 2018",S9BuiS0KIrLhO5Vy,1523073600.0,Travel & Local,59,"Major privacy concern! Would be a great app, but lately it keeps rejecting most of the European airlines' PNRs and prompts to email the booking confirmation to them. Hower, these emails usually contain too many private data (price, payment methods, your address etc etc), that I don't know if people are forwarding it to them, but they really shouldn't.",1,CheckMyTrip
com.protectedtext.android,2,0,"September 26, 2019",BnamNVYssyb5EOVd,1569470400.0,Productivity,42,"All my information has disappeared, what the heck happend. Was there a breach. I have had this app for quite some time now, now all of a sudden my info is gone. How do I get that back. Where is the trust?",1,Safe Notes - Secure Ad-free notepad
com.ovuline.pregnancy,5,0,"March 12, 2021",RbMUSJo9x4RekVXl,1615525200.0,Medical,24,2nd baby but it's always great to be reminded or told for the first time of what your baby is doing in there 💗,0,Ovia Pregnancy Tracker: Baby Due Date Countdown
com.sand.airdroid,1,6,"May 9, 2019",EGZJViqzmBeQIYki,1557374400.0,Tools,26,"Literally cannot be used without giving it permission to make calls. This app used to be great, now it's awful. I'll have to find something else.",1,AirDroid: File & Remote Access
onxmaps.offroad,2,11,"August 31, 2019",ZgPdkX6tmoFoI5QS,1567224000.0,Maps & Navigation,51,The maps and features are great but it doesnt show any off road trails in the areas I like to go or any of the camp grounds so it's kind of useless for now because my onx hunt maps will show me the same thing I'm hoping they update it soon,0,onX Offroad 4X4 ATV Trail Maps
com.netgear.netgearup,1,0,"March 1, 2022",cZJlmxthO6J4oceM,1646110800.0,Productivity,45,"this is some BS netgear tells me I need app to connect to my router this does t even work. I think we are all getting tricked to give netgear, and who ever nighthawk is ,our info. I give this app one middle finger up.",1,NETGEAR Nighthawk – WiFi Router App
com.vettv,5,1,"March 3, 2019",gs9SALnU2wGv1Hah,1551589200.0,Entertainment,25,"love that you guys have your own app finally! ive been watching your shows since kill, die, laugh. I look forward to them every week.",0,VET Tv
game.rpg.action.cyber,1,0,"April 30, 2021",cqBo0KZ6XqfA1PSh,1619755200.0,Role Playing,25,Couldn't get thru character creation due to a graphics glitch that caused a big moving pink blob of pixels in the center of my screen.,0,Cyberika: Action Cyberpunk RPG
com.zitga.empire.warriors.td.tower.defense,3,0,"January 18, 2019",ffX75kZHTR3NCsJN,1547787600.0,Strategy,35,hey guys it does t work my runes right ( they don t give the stats to the my heroes like the supposed to give what s going on )?! what is going on ?!,0,Empire Warriors - Offline RPG
co.steezy.app,1,7,"January 3, 2022",AGxTHyeMxo5Ke0QC,1641186000.0,Education,33,"I'm thinking this might be a scam! It took my credit card information then the app just closed and whenever I try to open it, it takes me to a blank white screen?",1,STEEZY - Learn How To Dance
com.vectorunit.purple.googleplay,5,24,"February 24, 2022",RVG2iOZF5hiOmPnl,1645678800.0,Racing,26,Awesome game but Pls add more cars. And also make multiplayer free and without split screen. And especially add some cars from bb racing 2 too.,0,Beach Buggy Racing
com.eyougame.wsjs.en,1,0,"November 29, 2017",RqTRGzTJ1nNOPXTM,1511931600.0,Role Playing,26,I think it's no way near Ragnarok mobile.... Waste of data guys download Ragnarok mobile of you are looking for hardcore challenging and grinding type game,0,Musou Glory
com.statefarm.pocketagent,2,8,"September 19, 2020",ta1w4SHPh5oe5bJ2,1600488000.0,Finance,85,"I'm able to use app, no problem but... does app really want location, bluetooth & motion activity on at all times?! 24hrs? If any are off I constantly get notifications to turn on or app says won't work. Hope I'm wrong & will change rating, bit until then no thx. That's knowing if I walk to bathroom if wanted. I know app needs to know if I drive & doesn't want to be fooled but thats Super intrusive . Hope u don't sell habits data.",1,State Farm®
com.roblox.client,4,0,"March 31, 2022",gGC93tSitWNIk3fz,1648699200.0,Adventure,31,"Great game with alot of creativity but the hackers on the platform do get annoying and they never seem to get banned the same thing with scammers, but great game otherwise",1,Roblox
com.august.luna,1,1,"July 11, 2021",tBoniEyqssvhLm9U,1625976000.0,Lifestyle,42,"7/11/21 Update: the device keeps sending a low battery alert even though the battery gave been changed or tested and appear to be strong. 12/2/20 Update: Keeps disconnecting, August state firmware was updated but the app didn't update to the new firmware.",0,August Home
com.dunkinbrands.otgo,5,1,"January 16, 2022",S7vQORTilzqpImdL,1642309200.0,Food & Drink,46,This is a super easy app to use and I really like that you get rewards when you are using it as well. Always good to be able to order your food and beverage before you arrive at the store so it's just a pick up.,0,Dunkin’
com.nway.wweundisputed,3,0,"December 2, 2020",WyxZ6mtGJBe1Cd1s,1606885200.0,Action,21,This game is great.But you actually created this game just like you created the power rangers game.you should change the controls.,0,WWE Undefeated
com.symantec.mobilesecurity,5,1,"April 22, 2019",3NYPZ3MfZwkFqUAF,1555905600.0,Tools,73,"I'll have to admit Norton always is one step ahead of the phishers,virals, etc... .When it takes action, whether it's small or BIG. I continue to see results. Symantec so far hasn't disappointed me. Very secure, no ads, if there is I don't notice them. Simple to use. Thank you again Norton for providing a trustworthy app also thank you to the developers without you . . .no app. keep it up!!!5 stars!!!",1,Norton 360: Mobile Security
com.mihoyo.hoyolab,4,7,"April 9, 2022",sJrWKh96wpR0GQmh,1649476800.0,Social,28,"The ui is quiet amazing, But the ux isn't good. The daily web check in notification (genshin) always appears at night (make it appears at early morning please.",0,HoYoLAB
com.disney.wdpro.dlr,4,0,"February 27, 2019",viaaTy0f3yX6xt40,1551243600.0,Travel & Local,30,can be a little hard to navigate - just try different searches and you will probably find what you are looking for. helped us plan and enjoy the park 😁,0,Disneyland®
com.bushiroad.en.bangdreamgbp,2,0,"March 1, 2022",GLHd3GMNHOOQ3HSc,1646110800.0,Music,73,"The Game is GREAT but have Poor Account Security, I lost my account due to data transfer error, my transfer id and password doesn't worked. I reinstall the game, as default, it start from the beginning as new staff,I accidentally overwrite the new staff into my google play account, now all my pulls and achievement have gone. This really frustrate me ☹️, Please make all account, permanently register to your website or such.",1,BanG Dream! Girls Band Party!
jp.naver.linecamera.android,3,0,"October 25, 2019",cNhzooHbXdfHVzud,1571976000.0,Photography,40,Ok I just want to say that it is slow when it comes to installing but the percent is so fast can you fix this thing plsss because I want that app plsss who make this app just fix this,0,LINE Camera - Photo editor
com.halfbrick.dantheman,2,0,"November 13, 2018",Xm0jESzjd91BaBaT,1542085200.0,Arcade,27,It's great at the start but after a while the retro starts to get a bit boring but if u want a retro game here it is,0,Dan the Man: Action Platformer
com.google.socratic,1,1,"May 1, 2020",rd0aVqJcaZEBBrE9,1588305600.0,Education,33,"It only works once for me and after that i cant take pictures of the equations. It is extremely slow now and i hate it, if i could give 0 stars, i would.",0,Socratic by Google
com.orcacorp.wargame,5,3,"June 19, 2021",hInwf49yL24IbjFC,1624075200.0,Strategy,94,"I don't normally write a review. I'm enjoying this game so far and it's been fun connecting with my alliance. I'll be honest, I've spent more money then i thought i would playing this. Thats not to say its p2w but it does help. With the recent update giving more items and rss from just playing the game it's helped keep me glued to my phone. During the last KE (kill event) i lost a lot of troop power, 2.5 mil. Could we possibly try sending troops to the apothecary even when attacking? Nomoreroom.",0,"Warhammer 40,000: Lost Crusade"
com.adobe.reader,1,3,"November 21, 2021",S4bGExBUy8QYrY0a,1637470800.0,Productivity,55,"The latest auto update now demands ""manage"" access permission to all files on your phone not just read anymore. This allows it to edit and delete anything. It also means the app may start up without your knowledge. There is no reason why the reader should need this access. I deleted it from my phone.",1,Adobe Acrobat Reader: Edit PDF
com.quikr,1,1,"August 3, 2020",xUAKYYGy92LgqDj9,1596427200.0,Shopping,90,"Systematic Fraudsters!! PLEASE READ THIS BEFORE USING THIS APP. I did a transaction worth 26000. My account was verified and I paid through the quikr secure payment. Transaction occurred, I received the bank message but the seller did not receive the money. I made a complaint but they could not figure out any details, they kept asking for transaction id, which was no where to be found. Even after more than two weeks, I did not get back my money. So, where did the money go. Simple: I was frauded.",1,"Quikr – Search Jobs, Mobiles, Cars, Home Services"
com.jcp,1,6,"April 28, 2019",Ba8lRaPYrYlGi5fv,1556424000.0,Shopping,66,"Why is my location required to complete an order, or even to refresh my cart? Maybe i don't WANT to pick up at the store nearest my current location! Derp... If you want to track my ass than give me some free pants to cover it, or at least better coupons? It's fine otherwise, aside from being half useless without spamming ""sure, take ALL my info!""",1,JCPenney – Shopping & Deals
com.nickonline.android.nickapp,1,1,"March 19, 2021",GcCZGXELyz3YWtyZ,1616126400.0,Entertainment,38,I don't like it let us watch all episodes for free I dont even have an email or password for derct tv plz fix it and I will leave a better response and I want to change seasons,0,Nick
com.doximity.doximitydroid,2,2,"July 15, 2021",eiK2bORC2NRsg4Xq,1626321600.0,Medical,27,"I can no longer use doximity unless i grant access to my mirophone so my calls can be recorded. This was previously not a requirement, please fix.",1,Doximity - Medical Network
com.chase.sig.android,4,0,"March 18, 2022",LKDPkUhfCoU0fwcV,1647576000.0,Finance,21,So far Chase mobile has been the better banking app I have. It's simple and ease of use is really good.,0,Chase Mobile
com.key.android,5,0,"January 21, 2021",FDfHEkQ4zY6CovAr,1611205200.0,Finance,31,I had an issue at first then I called customer svc. I haven't had any issues for over 4 years with this app. Thank you Key Bank for an amazing app.,0,KeyBank - Online & Mobile Banking
com.namcobandaigames.spmoja010E,1,0,"January 16, 2021",KUIMjM7PEcTt2JLU,1610773200.0,Role Playing,38,"One of the first things you see is an ""optional"" data tracker agreement. The Reject All button does nothing, leaving you to either Accept All or Accept Selected without selecting anything. Not very encouraging about respecting your privacy.",1,ONE PIECE TREASURE CRUISE
com.battlecreek.nolimit2,3,0,"June 7, 2021",4DOB2fQ0MqWtfbQS,1623038400.0,Racing,23,Its a good game but carried on having to restart because I was getting stuck on the campaign they should lower the difficulty.,0,No Limit Drag Racing 2
com.easilydo.mail,1,0,"October 5, 2018",ECmfBdW4eZngJQpZ,1538712000.0,Productivity,20,"Insists on access to my contacts and after declining several times, it tried to get access via a different method.",1,Email - Lightning Fast & Secure Mail
com.mytona.seekersnotes.android,2,2,"June 30, 2021",lnJ8fF4SNtTevZ4I,1625025600.0,Adventure,55,"After the latest update, the game lags. And now, i don't know why suddenly it says that i have to join a guild to join the tournament. Where in fact, have been with the same guild since Raven Hills. Again, i can't play the tournament as it says that i have to join a guild..",0,Seekers Notes: Hidden Mystery
com.jardogs.fmhmobile,1,0,"September 15, 2020",NM1psyXkYRb7exn7,1600142400.0,Medical,41,"Waste of time - it has literally zero useful information or ""tools"" to manage anything on this app. All it has is my name and DOB, that is it. And considering it has an insecure connection/incorrect certificate??? Nope, not me: Uninstalled.",1,FollowMyHealth®
com.expressvpn.vpn,5,2,"March 3, 2022",eIK9AGsJvR27GOw6,1646283600.0,Tools,23,"Easy to set up and add to multiple devices. And I haven't been hacked or anything yet, so I assume it's working well!",1,ExpressVPN: Fast & Private VPN
com.gamegos.mobile.cafeland,1,7,"November 12, 2021",Ba8lRaPYrYlGi5fv,1636693200.0,Simulation,86,"Used to love this game. Been playing for a while and love my team and the facebook groups. However, these last two updates have completely ruined the game. They increased the price for EVERYTHING by double or more, and your stoves cook less while catering trucks require more. Magic sauce is now super hard to find so the tournaments are frustrating instead of fun. Many loyal players are ready to quit, thats all the FB groups are talking about. Entire teams have been quitting. So sad.",0,Cafeland - World Kitchen
video.like,5,92,"July 16, 2020",tZFg9Il0LRKgSMcM,1594872000.0,Social,78,This app is really fun. It’s good for socializing and doing what you like. You can do crafts videos and comedy. Also if you don’t like public you can make your account private. But the only thing I don’t like is that people can rate your videos and they can randomly say your inappropriate for no reason. But if you have a private account that doesn’t happen. This is a really fun app and I definitely recommend it.,1,Likee - Short Video Community
com.ixolit.ipvanish,1,2,"January 5, 2020",6wT9T5WS1fRjLY1u,1578200400.0,Tools,34,Bloody useless. I'm in Spain trying to get UK television. Every channel is rejecting every attempt to gain access from the 3 UK IP adresses used. Glad I signed up for only one month,0,IPVanish VPN: The Fastest VPN
com.shopify.arrive,1,2,"September 17, 2020",8vIa7DkdpqrfFIBM,1600315200.0,Shopping,63,"Uninstalled immediately. The app requests permission to view your emails. There is no purpose for this beyond unreasonable data collection. Avoid this app. Update: If you're going to hide it behind ""Sign in with Email"" the 1 star still stands. I don't even remember seeing that option? Why can't you decline the permission with the most visible options in your app? Dark pattern.",1,Shop: package & order tracker
com.bravo.slots.casino.android,5,28,"September 18, 2021",4iqZI7K099Zvnt9P,1631937600.0,Casino,27,I was thrilled to see Top Dollar! First game on your site and I haven't even checked what else is offered. It's my favorite of all time!!,0,Lucky Hit Classic Casino Slots
com.squareup.cash,2,0,"February 15, 2022",VaxdH2KpKLuynOuH,1644901200.0,Finance,22,I got hacked... so much for security. I had it since the beginning of 2020 and I have had to many problems.,1,Cash App
com.pz.life.android,2,0,"June 23, 2021",VwcJGNcDCTxb4tnB,1624420800.0,Role Playing,43,That's game is awesome I can give 5 stars but there are so many hackers one of them hacked me please fix it why is there so many hackers and I'm so rich in that game but all my work completely ended 😢😢,1,Highrise: Virtual Metaverse
co.thefabulous.app,2,1,"September 10, 2021",rwbFqjDvhlvFVUYm,1631246400.0,Health & Fitness,23,Email is required and I do not have email. I also fail to understand why an email is needed for a routine app.,1,Fabulous Daily Routine Planner
com.anovaculinary.android,3,0,"August 27, 2019",HAaCRBsuZ2SKcdg6,1566878400.0,Food & Drink,28,"Forces me to turn my location on in order to use my device model that doesn't have geolocation capabilities. Bluetooth I understand, but why location? Makes me suspicious.",1,Anova Culinary
com.mistplay.mistplay,2,8,"October 8, 2021",tVDQqiwvjSJHYQ5x,1633665600.0,Entertainment,86,Get rid of the picture verification please! There has got to be a more user friendly method of verification. There are plenty of secure methods to do two level verification that don't require pics difficult to appease the system. Now I have to wait probably a week for help from support and another week to actually get the gift card. Seniors will struggle even worse. UPDATE - the dev doesn't READ reviews. Emailed support days ago for help w/the pic. Didn't mention pic security concerns either.,1,MISTPLAY: Play to earn rewards
com.ludo.king,2,5,"April 23, 2020",6HHzwxVZQLeihZNS,1587614400.0,Board,67,"Game have loop holes, hackers are hacking this game app. I was completing a change and when previous play his turn and do something, after that my game hang and show no connection. I had restarted my phone but same issue after only the turn of previous player. He might be hacking because i had cut his tocken many time. Do correct your app for user experience.",1,Ludo King™
com.aspyr.swkotor,1,4,"December 25, 2021",uhnIpx6vmAXmwZ7d,1640408400.0,Role Playing,93,I just installed on my new ChromeBook. All works except the GooglePlay button on the main menu. I get A box telling mr Google blocked this app. Said something about the app wanted personal data that app should not ask for. White with red warning !. Guess I can not recover my game data now. Odd Google making a big deal over what apps get that Google collects suddenly. I just want the app to work 100% again. The warning box troubles me about whats going on as it never did it before.,1,Star Wars™: KOTOR
de.danoeh.antennapod,4,0,"April 28, 2019",0LvIKzf7id9bW8CH,1556424000.0,Music & Audio,23,Very good app with no adverts but please add dynamic range compression option so I don't keep having to manually adjust the volume,0,AntennaPod
com.alibaba.intl.android.apps.poseidon,1,1,"February 11, 2022",uDywU4rX55jzWfWl,1644555600.0,Shopping,64,"Installed on S9 and app caused black screen. Installed on new S21 Ultta and same issue. Could not power off nor restart, even with most of the 14 (crazy number) app's notifications turned off. Had to hard reboot the S21 to get it working again. This app had to enter to core processor to do this damage. Do not trust this China app! Hackware!",1,Alibaba.com
com.mtvn.tmntpp,1,10,"January 30, 2016",iLOa978GVL90x4NQ,1454130000.0,Action,20,This game is NOT worth it. Its really laggy and the performance is terrible. I want my 3 dollars back,0,TMNT Portal Power
com.totalwine.app.store,1,0,"December 27, 2020",AcThfX6TII6PW6px,1609045200.0,Food & Drink,29,"App tries to FORCE location. I just wanted to browse but not if app is going to force me to accept location. Love total wine , hate this app",1,Total Wine & More
com.gamepass,2,0,"June 13, 2021",I4LlvjPvBAEfbq0x,1623556800.0,Entertainment,35,I tried the cloud gaming with doom external and couldn't do nothing bc of its slow time frame and glitching out... plzzz fix prob Ps I couldn't find a report problem on the app itself..,0,Xbox Game Pass
jp.naver.linecamera.android,2,138,"June 16, 2020",fsDKWCfRkXqneioH,1592280000.0,Photography,37,Since the update now if you cut and paste something like a arm or a head it comes a black and white and you can't adjust so now it looks like I'll uninstalling not that they care.,0,LINE Camera - Photo editor
sk.phx.terrarium,1,0,"March 22, 2022",Fl8XbQiUiSeN2sC8,1647921600.0,Simulation,26,"So damn tired of seeing this advertised everywhere. I don't give a damn if this app helped us through the great depression, shut up about it.",0,Terrarium: Garden Idle
com.easytech.iron.android,1,6,"November 26, 2020",UwPp059JxTGItep0,1606366800.0,Strategy,20,Total ill balanced again?you don't get enough gold or reserves to win unless you PAY for it.what a let down,0,Glory of Generals 3 - WW2 SLG
com.happymeal.mcplay,1,1,"October 11, 2019",3Fho7Mye05Kny59C,1570766400.0,Puzzle,39,We never made it to the games. We got to the point where they asked permission to take videos and pictures. Why do you want to take videos and pictures of my (naked half the time) two year old?,1,Happy Meal App
com.upopa.hopelessheroes,2,0,"May 17, 2018",SknQaGmAcBdmrE1Y,1526529600.0,Role Playing,28,"I just don't under stand why do guys develop these games like hopeless heroes,like there are no lives for us so Wats the point in playing the game",0,Hopeless Heroes: Tap Attack
com.campmobile.snow,3,0,"September 22, 2018",O7PvNDrmJTFAq01v,1537588800.0,Photography,23,"I wanna use this app because i saw BT21 on it but for some reason, the BT21 stickers don't work for me 😢😩",0,SNOW
com.dropbox.android,5,5,"November 11, 2019",UP2hwy5InMMpSrQE,1573448400.0,Productivity,29,I can ensure that Dropbox is the most convenient and wonderful cloud app for you to use with insanely fast speed and easy-to-use interface as well as great functionality!,0,Dropbox: Cloud Storage Space
com.stack.ball.destroy.wood,2,0,"February 22, 2022",mvL0533AnpA42XB9,1645506000.0,Casual,36,The game is a scam. I waited 22 days for my robux and I never got it...the only reason I'm giving this a 2 star is because it was easy and a little fun to play.,0,Stack Smash
com.duckduckgo.mobile.android,5,6,"December 18, 2021",I4RWQk0YhZT61pb7,1639803600.0,Tools,56,"Truly, APPRECIATE everything DuckDuckGo is doing to make privacy available for EVERYONE ❣️ I'm a long time user of the browser, and now of the email feature (Love!!), as well as an avid reader of their newsletter. I am, genuinely, impressed by their humbleness and ongoing, continuous efforts. They CARE. They LISTEN. Thank You, DuckDuckGo ❤️",1,DuckDuckGo Privacy Browser
com.weedmaps.app.android,3,0,"June 19, 2018",aIi9ll21MKfdvhF1,1529380800.0,Medical,25,"Based on a preconceived idea I think I can get affection with this app, whether or not it's real love is a matter of mood",0,"Weedmaps: Marijuana, Cannabis, CBD & Weed Delivery"
com.vectorunit.cobalt.googleplay,2,3,"June 16, 2021",0veLvIEAqZeVtkp9,1623816000.0,Racing,39,Why did u make this an online game!! 😞😞...It was good if it wasn't like this. I liked beach buggy racing but this discouraged me🙍. Just remove that... Otherwise I have no other compliant with this game. Thanks 🙏,0,Beach Buggy Racing 2
com.zloong.eu.dr.gp,4,0,"June 10, 2020",ivMyLmiDQfwlRVBE,1591761600.0,Role Playing,105,"Every thing good about the game had been noted by others so 4/5 stars because, even as a story driven game i tbink we all expected a little more fight and grind to get xp and levels rather than walk 3 feet down the street talk to a guy and instantly level up, i got to level 50 in a few hours and was only in hand full of fights which grant no noticable reward. Also clubs are broken, impossible to join even if there is only 1 or 2 members and i refuse to pay real cash to create my own. Fix for 5",0,Dragon Raja
com.tinder.tinderlite,1,6,"July 16, 2021",3EjE3Gfb317AX3aZ,1626408000.0,Lifestyle,23,Does not work. Couldn't even set up an account. Froze when trying to enter Birthday. So long tinder. A relic of the 2010s.,0,Tinder Lite
com.microsoft.office.officehubrow,2,0,"November 18, 2021",MtpiMrGS1CMnCNcl,1637211600.0,Productivity,85,I could not open any documents. It kept saying it needed me to update my storage permissions and storage was already on. When I looked again and clicked in Permissions for Files and Media it had another level added I had not seen before. 'Allow management of all files' I selected that and now I can open documents in word or excel again. Thank goodness. However not sure I like this level of access when you read what it can do. Not happy with that.,1,Microsoft Office: Edit & Share
com.skillshare.Skillshare,5,0,"May 11, 2020",5AiSbYLEldaPHknf,1589169600.0,Education,24,The Skillshare app is the best. I love being able to just open the lessons on my phone so I can follow along anywhere.,0,Skillshare - Creative Classes
com.autumn.skullgirls,1,2,"January 10, 2022",YltGm20CqQjmTRWz,1641790800.0,Action,35,"I would give 0 stars if it was possible, Too pay to win, not even free to play friendly a little bit, Cant you ATLEAST lower the story mode difficulty, not everyone has diamond fighters.",0,Skullgirls: Fighting RPG
com.duckduckgo.mobile.android,3,0,"July 23, 2020",M0NM2EDIGqdQrOwO,1595476800.0,Tools,39,"Well it is really good on privacy, but it would be better if the playback on sites other than YouTube would stop glitching and causing the entire frame to glitch. So far I've only experienced this issue on mobile.",1,DuckDuckGo Privacy Browser
com.sunlightmobile.love4youchat,1,2,"February 26, 2020",rsHrMBVWLoVcfT4F,1582693200.0,Dating,37,"All fake, you either chat to bots, or people wanting to scam you trying to get your personal info. And a few that want you to visit their web-cam. Nice try, i almost fell for it 🤣😂🤣",1,Be naughty - dating app
com.Project100Pi.themusicplayer,5,4,"July 28, 2020",DibGycISQfvogjGS,1595908800.0,Music & Audio,29,"This is what every mp3 downloader (or pirate) needs. This functions identical to the Muzio player, and I'm starting to think they were both made by the same person.",0,"Pi Music Player - MP3 Player, YouTube Music"
com.marriott.mrt,1,4,"January 4, 2020",SY4OnTlGSMEbkgAx,1578114000.0,Travel & Local,74,"Typing in your login details doesn't work. Activating an online account does not allow you to select a country to activate - why do I even need to ""activate"" it. Also whoever set up your website uses too many cookies and trackers which I block. When you try to redeem points in the online shop outside the US you go around in circles signing in and selecting country which signs you out again. Thanks.",1,Marriott Bonvoy
com.zynga.wonka,3,3,"February 14, 2021",XdLp1qg6CqwSGh5i,1613278800.0,Casino,25,"Fun to play, but over shares on Facebook. I don't want to let everyone know exactly when I'm playing a slot game throughout my day.",1,Willy Wonka Vegas Casino Slots
com.newhealthfitnesstoolsapps.body.temperature.logger.thermometer.fever.tracker.test.checker.diary.info.history,5,0,"October 4, 2021",7D2dQJGqXSxqorAf,1633320000.0,Medical,26,This body temperature fingerprint scanner app is really good and interesting. It works very well. Now it is really easy to check fever through this app,0,Instant Body Temperature Checker : Fever Tracker
com.weawow,1,3,"November 28, 2019",fEQRJzsGjQpxwHww,1574917200.0,Weather,72,"Thought this was a really good app, UNTIL the latest update. Location data was NEVER REQUIRED until now. I don't turn on location for anyone, my location is NO ONE'S BUSINESS. I really DO NOT CARE WHAT HAS CHANGED, I understand this is your app but it is on my machines and that I can control. Here's a weather related suggestion, take this app and put it where the sun don't shine.",1,Weather & Widget - Weawow
com.cricut.designspace,2,4,"August 6, 2019",3nTkBGIvbQ4IhctW,1565064000.0,Lifestyle,36,"I cannot get 5 minutes into a project before it force shuts down. The app does not work very well for me at all. If you have a chromebook, do not waste your time with this.",0,Cricut Design Space
com.tencent.mm,3,1,"October 29, 2021",AnJG1nUQX0L3dXTL,1635480000.0,Communication,81,"Wechat is a Extremely bloated ware, heavy resources and battery consuming. The company is a very bad unethical one to do such design. It store up all kind of data and thumbnail photo of whatever you read in many GByte, creating tens to hundreds thousands folders and files everywhere to slow down phone. Loging back is notorious impossible once you get log out for whatever reason like factory reset. But this is only monopoly messenger to contact China and get information.",1,WeChat
com.panda.gamepad,5,10,"March 13, 2019",qfmAKTqhg7v9PR68,1552449600.0,Tools,52,"The App worked as described. Ps4 controller is suppprted which is nice, but the share and option buttons won't map. The app worked on its first bootup on my rooted phone without the need of a pc. I gave it -Star for the data collecting permissions thats required to run the app.",1,Panda Gamepad Pro (BETA)
com.fitbit.FitbitMobile,5,0,"December 21, 2021",6FQI9RsmWIuCjpMM,1640062800.0,Health & Fitness,24,"Just love it, It's easy to use for anybody. Just wish there was more clocks to choose from. But over all I love it",0,Fitbit
net.teuida.teuida,5,0,"October 23, 2021",qzYYtg8is6Mf7G2f,1634961600.0,Education,34,This app is awsome . this helped me improve my korean a lot . thank you . I recommend this app .(sorry for my bad english . english is not my native language ),0,Teuida: Learn & Speak Korean
com.millionvictories.games.millionlords,5,0,"July 11, 2020",QylNJiAQoldfUk1z,1594440000.0,Strategy,23,"The game is very fun, but I wish there was a way to teleport to your allies. Or send mail to other lords.",0,Million Lords
com.gotv.nflgamecenter.us.lite,4,0,"December 3, 2021",yHYdO8ufknPME7Ie,1638507600.0,Sports,24,"It's good, would rather have the scores on the front page on Sunday and wish the scores were in real time instead of delayed",0,NFL
com.mseven.barolo,1,1,"June 13, 2017",o9mOPELysDfcHnTw,1497326400.0,Productivity,48,"Disliked it before and dislike it more now. Ultimately, there is no security in a cloud. And I already paid for version 4, why should I pay more for a new version that is worse?! To make matters worse, support is non-existent. Don't even know why I bothered.",1,mSecure - Password Manager
com.lego.common.legolife,1,151,"June 16, 2020",C0ACFmLC9n34YRL9,1592280000.0,Social,93,"My original review had 5 stars. but since the update, I've changed it to 1. I don't like how I have to enter in my credit card information In order to post stuff. If I just had to verify with my email, that would be perfect fine. But my credit card information? Really? It's not like I'm buying stuff!I don't even think I'll be able to get my old account I've had since the lego galleries were still here! That's 3+ years! I've had my account since around 5 years ago! Very frustrating.",1,LEGO® Life: kid-safe community
com.babbel.mobile.android.en,4,1,"June 10, 2020",E9A3gdA8yAmogfn8,1591761600.0,Education,93,"Babbell is a good app to start learning a language. For me it's Russian. The only reason I also use Pimsleur in addition to Babbel is that with the Cyrillic alphabet it can be very confusing for someone taking the course when you know what the word is but can't get the spelling just right and having to go back and try again over and over. I'm trying to learn to speak and read it, so I found this frustrating and it halted my progress. It's a great app tho so I recommend!",0,Babbel - Learn Languages
com.mewe,5,4,"November 14, 2020",tx8CRlVYs8eOybc8,1605330000.0,Social,43,"It's easy to setup and use! I love the groups and discussions you can have in these groups. Guitars, tattoos, beautiful world scenery pictures, and so many more! Plus, NO ADDS and privacy is top notch, not like other social media apps. 👍",1,MeWe
com.yummly.android,1,12,"January 8, 2019",jZoYknmsfwpPHZIA,1546923600.0,Food & Drink,45,"Spam, spam spam! If you download this app, use a disposable email otherwise you will get daily spam from them that you can not unsubscribe from. (I have unsubscribed multiple times more than 2 weeks ago, yet still continue to get their unwanted spam broadcasts)",1,Yummly Recipes & Cooking Tools
com.gameloft.android.ANMP.GloftGLCL,3,1,"November 17, 2021",zJZiYml2UjI81vGl,1637125200.0,Arcade,37,I loved this classic games in my Gameboy advance sp before but playing this not even 5 minutes in it either crashes or lags. Please do fix this coz i'd really like to play diamond rush smoothly,0,Gameloft Classics: 20 Years
com.jimmyjohns,2,0,"September 16, 2020",mv9bqRR9RiBzSFe2,1600228800.0,Food & Drink,32,They always forget my cookie to the point where i dont get one anymore. Sometimes the chips are missing. Sandwich is good tho. Just dont get anything else. They will forget it.,0,"Jimmy John's Sandwiches- Delivery, Pickup, Rewards"
com.lgeha.nuts,1,24,"July 3, 2020",B4SAkqKFHwqEAeaZ,1593748800.0,Lifestyle,80,"Why should I have to give this app access to make phone calls just to control my TV? Instead of a few extraneous features not working, this app just fails to launch unless you give it ridiculous permissions. This type of permissions creep undermines Android security. LG support keeps replying to reviews about permissions claiming that they're necessary for the app to function. Anyone with modest software engineering experience knows that's bogus. LG is either lazy or mining your data.",1,LG ThinQ
com.nway.wweundisputed,3,0,"December 27, 2020",F18uTMwJYb1T03CN,1609045200.0,Action,29,Its a good game but it lags a ton & to get more superstars is very hard because of the lagging. I will advice you do something about it.,0,WWE Undefeated
xyz.mreprogramming.ultimateghostdetector,5,0,"August 1, 2021",Sxu43nTbLbgTBS6t,1627790400.0,Entertainment,33,So I can't believe how it works like if Google play store had a gold star for legit apps this would have it for sure but you should add a spirit box section,0,"Ultimate Ghost Detector (real EMF, EVP recorder)"
com.ticketmaster.mobile.android.na,1,49,"December 22, 2019",2lqx7rJVnb2uH5fT,1576990800.0,Events,89,"""Something went wrong"" Absolute garbage. I downloaded the app to make accessing already purchased tickets easier, and the first page I saw was not a sign in screen, but a request for my location. Only after giving location or zip code can you get to a page that allows for sign in, and then the page says ""something went wrong"". The app doesn't let me sign in at all. Someone else said they were advised not to use the app. I will be following that advice. What a joke.",1,"Ticketmaster－Buy, Sell Tickets to Concerts, Sports"
